,timestamps,mem,cpu,disk,clustername
0,1590067139999,99372504,2980,365075392,AMS01-VPP1-GSB-Connect-Cluster
1,1590067439999,99371784,2951,365075392,AMS01-VPP1-GSB-Connect-Cluster
2,1590067739999,99374992,2935,365075392,AMS01-VPP1-GSB-Connect-Cluster
3,1590068039999,99373888,2915,365075392,AMS01-VPP1-GSB-Connect-Cluster
4,1590068339999,99374856,3001,365077440,AMS01-VPP1-GSB-Connect-Cluster
5,1590068639999,99376528,2928,365077440,AMS01-VPP1-GSB-Connect-Cluster
6,1590068939999,99377656,2919,365077440,AMS01-VPP1-GSB-Connect-Cluster
7,1590069239999,99382656,2918,365077440,AMS01-VPP1-GSB-Connect-Cluster
8,1590069539999,99383600,2967,365077440,AMS01-VPP1-GSB-Connect-Cluster
9,1590069839999,99382208,3044,365077440,AMS01-VPP1-GSB-Connect-Cluster
10,1590070139999,99375248,3003,365077440,AMS01-VPP1-GSB-Connect-Cluster
11,1590070439999,99381104,3032,365077440,AMS01-VPP1-GSB-Connect-Cluster
12,1590070739999,99389200,3054,365077440,AMS01-VPP1-GSB-Connect-Cluster
13,1590071039999,99391656,3036,365077440,AMS01-VPP1-GSB-Connect-Cluster
14,1590071339999,99402904,2958,365077440,AMS01-VPP1-GSB-Connect-Cluster
15,1590071639999,99410752,3005,365077440,AMS01-VPP1-GSB-Connect-Cluster
16,1590071939999,99426216,2979,365077440,AMS01-VPP1-GSB-Connect-Cluster
17,1590072239999,99420032,2989,365077440,AMS01-VPP1-GSB-Connect-Cluster
18,1590072539999,99420728,2933,365077440,AMS01-VPP1-GSB-Connect-Cluster
19,1590072839999,99422656,2925,365077440,AMS01-VPP1-GSB-Connect-Cluster
20,1590073139999,99422632,2956,365077440,AMS01-VPP1-GSB-Connect-Cluster
21,1590073439999,99428264,3026,365077440,AMS01-VPP1-GSB-Connect-Cluster
22,1590073739999,99425912,2928,365085632,AMS01-VPP1-GSB-Connect-Cluster
23,1590074039999,99429176,2959,365085632,AMS01-VPP1-GSB-Connect-Cluster
24,1590074339999,99429288,2975,365085632,AMS01-VPP1-GSB-Connect-Cluster
25,1590074639999,99434560,2983,365085632,AMS01-VPP1-GSB-Connect-Cluster
26,1590074939999,99435000,2940,365085632,AMS01-VPP1-GSB-Connect-Cluster
27,1590075239999,99429784,2929,365085632,AMS01-VPP1-GSB-Connect-Cluster
28,1590075539999,99426928,2923,365119424,AMS01-VPP1-GSB-Connect-Cluster
29,1590075839999,99430472,2991,365225920,AMS01-VPP1-GSB-Connect-Cluster
30,1590076139999,99430816,2913,365225920,AMS01-VPP1-GSB-Connect-Cluster
31,1590076439999,99436400,2942,365225920,AMS01-VPP1-GSB-Connect-Cluster
32,1590076739999,99428864,2980,365225920,AMS01-VPP1-GSB-Connect-Cluster
33,1590077039999,99436920,3044,365225920,AMS01-VPP1-GSB-Connect-Cluster
34,1590077339999,99460760,3076,365225920,AMS01-VPP1-GSB-Connect-Cluster
35,1590077639999,99472504,2965,365225920,AMS01-VPP1-GSB-Connect-Cluster
36,1590077939999,99474128,3064,365225920,AMS01-VPP1-GSB-Connect-Cluster
37,1590078239999,99490376,3101,365225920,AMS01-VPP1-GSB-Connect-Cluster
38,1590078539999,99501072,2954,365225920,AMS01-VPP1-GSB-Connect-Cluster
39,1590078839999,99503880,2996,365225920,AMS01-VPP1-GSB-Connect-Cluster
40,1590079139999,99509512,3009,365227968,AMS01-VPP1-GSB-Connect-Cluster
41,1590079439999,99514528,3024,365227968,AMS01-VPP1-GSB-Connect-Cluster
42,1590079739999,99515536,2941,365227968,AMS01-VPP1-GSB-Connect-Cluster
43,1590080039999,99519976,2942,365227968,AMS01-VPP1-GSB-Connect-Cluster
44,1590080339999,99508696,2928,365227968,AMS01-VPP1-GSB-Connect-Cluster
45,1590080639999,99512624,2989,365227968,AMS01-VPP1-GSB-Connect-Cluster
46,1590080939999,99511560,2987,365227968,AMS01-VPP1-GSB-Connect-Cluster
47,1590081239999,99515328,2902,365227968,AMS01-VPP1-GSB-Connect-Cluster
48,1590081539999,99514304,2934,365227968,AMS01-VPP1-GSB-Connect-Cluster
49,1590081839999,99517984,2945,365227968,AMS01-VPP1-GSB-Connect-Cluster
50,1590082139999,99518840,2935,365227968,AMS01-VPP1-GSB-Connect-Cluster
51,1590082439999,99522848,2954,365227968,AMS01-VPP1-GSB-Connect-Cluster
52,1590082739999,99523688,2923,365232064,AMS01-VPP1-GSB-Connect-Cluster
53,1590083039999,99526800,2914,365232064,AMS01-VPP1-GSB-Connect-Cluster
54,1590083339999,99521824,2921,365232064,AMS01-VPP1-GSB-Connect-Cluster
55,1590083639999,99517408,2974,365232064,AMS01-VPP1-GSB-Connect-Cluster
56,1590083939999,99520048,2912,365232064,AMS01-VPP1-GSB-Connect-Cluster
57,1590084239999,99528896,3026,365232064,AMS01-VPP1-GSB-Connect-Cluster
58,1590084539999,99529904,3009,365232064,AMS01-VPP1-GSB-Connect-Cluster
59,1590084839999,99535104,2958,365232064,AMS01-VPP1-GSB-Connect-Cluster
60,1590085139999,99540472,3061,365232064,AMS01-VPP1-GSB-Connect-Cluster
61,1590085439999,99557032,2893,365232064,AMS01-VPP1-GSB-Connect-Cluster
62,1590085739999,99556736,2924,365232064,AMS01-VPP1-GSB-Connect-Cluster
63,1590086039999,99562664,3005,365232064,AMS01-VPP1-GSB-Connect-Cluster
64,1590086339999,99571832,2945,365236160,AMS01-VPP1-GSB-Connect-Cluster
65,1590086639999,99581336,3003,365236160,AMS01-VPP1-GSB-Connect-Cluster
66,1590086939999,99583264,2907,365236160,AMS01-VPP1-GSB-Connect-Cluster
67,1590087239999,99588392,2940,365236160,AMS01-VPP1-GSB-Connect-Cluster
68,1590087539999,99584976,2955,365236160,AMS01-VPP1-GSB-Connect-Cluster
69,1590087839999,99590976,2988,365236160,AMS01-VPP1-GSB-Connect-Cluster
70,1590088139999,99587896,2892,365236160,AMS01-VPP1-GSB-Connect-Cluster
71,1590088439999,99591496,2930,365236160,AMS01-VPP1-GSB-Connect-Cluster
72,1590088739999,99594560,2969,365236160,AMS01-VPP1-GSB-Connect-Cluster
73,1590089039999,99599824,2983,365236160,AMS01-VPP1-GSB-Connect-Cluster
74,1590089339999,99603016,2955,365236160,AMS01-VPP1-GSB-Connect-Cluster
75,1590089639999,99609168,2884,365236160,AMS01-VPP1-GSB-Connect-Cluster
76,1590089939999,99609664,2914,365236160,AMS01-VPP1-GSB-Connect-Cluster
77,1590090239999,99606792,2958,365236160,AMS01-VPP1-GSB-Connect-Cluster
78,1590090539999,99583744,2919,365236160,AMS01-VPP1-GSB-Connect-Cluster
79,1590090839999,99583392,2928,365236160,AMS01-VPP1-GSB-Connect-Cluster
80,1590091139999,99586336,2948,365236160,AMS01-VPP1-GSB-Connect-Cluster
81,1590091439999,99594888,3051,365236160,AMS01-VPP1-GSB-Connect-Cluster
82,1590091739999,99602768,2969,365236160,AMS01-VPP1-GSB-Connect-Cluster
83,1590092039999,99628432,2969,365236160,AMS01-VPP1-GSB-Connect-Cluster
84,1590092339999,99629624,2989,365236160,AMS01-VPP1-GSB-Connect-Cluster
85,1590092639999,99646072,3033,365236160,AMS01-VPP1-GSB-Connect-Cluster
86,1590092939999,99658432,3006,365236160,AMS01-VPP1-GSB-Connect-Cluster
87,1590093239999,99665512,2957,365236160,AMS01-VPP1-GSB-Connect-Cluster
88,1590093539999,99687728,2901,365236160,AMS01-VPP1-GSB-Connect-Cluster
89,1590093839999,99690504,3029,365236160,AMS01-VPP1-GSB-Connect-Cluster
90,1590094139999,99692240,2937,365236160,AMS01-VPP1-GSB-Connect-Cluster
91,1590094439999,99696528,2938,365236160,AMS01-VPP1-GSB-Connect-Cluster
92,1590094739999,99696872,2940,365236160,AMS01-VPP1-GSB-Connect-Cluster
93,1590095039999,99703264,3002,365236160,AMS01-VPP1-GSB-Connect-Cluster
94,1590095339999,99703112,2974,365236160,AMS01-VPP1-GSB-Connect-Cluster
95,1590095639999,99695184,2962,365342496,AMS01-VPP1-GSB-Connect-Cluster
96,1590095939999,99694568,2949,365342496,AMS01-VPP1-GSB-Connect-Cluster
97,1590096239999,99697552,2901,365342496,AMS01-VPP1-GSB-Connect-Cluster
98,1590096539999,99695488,2978,365342496,AMS01-VPP1-GSB-Connect-Cluster
99,1590096839999,99685008,2967,365342496,AMS01-VPP1-GSB-Connect-Cluster
100,1590097139999,99676488,2920,365359904,AMS01-VPP1-GSB-Connect-Cluster
101,1590097439999,99677344,2914,365359904,AMS01-VPP1-GSB-Connect-Cluster
102,1590097739999,99677672,2975,365359904,AMS01-VPP1-GSB-Connect-Cluster
103,1590098039999,99679048,2947,365359904,AMS01-VPP1-GSB-Connect-Cluster
104,1590098339999,99681128,2962,365359904,AMS01-VPP1-GSB-Connect-Cluster
105,1590098639999,99703288,3079,365359904,AMS01-VPP1-GSB-Connect-Cluster
106,1590098939999,99714744,3013,365359904,AMS01-VPP1-GSB-Connect-Cluster
107,1590099239999,99726288,2997,365359904,AMS01-VPP1-GSB-Connect-Cluster
108,1590099539999,99727680,2930,365359904,AMS01-VPP1-GSB-Connect-Cluster
109,1590099839999,99729240,3056,365359904,AMS01-VPP1-GSB-Connect-Cluster
110,1590100139999,99731152,3050,365359904,AMS01-VPP1-GSB-Connect-Cluster
111,1590100439999,99733728,2917,365359904,AMS01-VPP1-GSB-Connect-Cluster
112,1590100739999,99727496,2957,365359904,AMS01-VPP1-GSB-Connect-Cluster
113,1590101039999,99728136,3029,365359904,AMS01-VPP1-GSB-Connect-Cluster
114,1590101339999,99731968,2975,365359904,AMS01-VPP1-GSB-Connect-Cluster
115,1590101639999,99735272,2948,365359904,AMS01-VPP1-GSB-Connect-Cluster
116,1590101939999,99735832,2891,365359904,AMS01-VPP1-GSB-Connect-Cluster
117,1590102239999,99742872,2953,365359904,AMS01-VPP1-GSB-Connect-Cluster
118,1590102539999,99740208,2916,365369120,AMS01-VPP1-GSB-Connect-Cluster
119,1590102839999,99731384,2985,365369120,AMS01-VPP1-GSB-Connect-Cluster
120,1590103139999,99730600,2929,365369120,AMS01-VPP1-GSB-Connect-Cluster
121,1590103439999,99732416,2942,365369120,AMS01-VPP1-GSB-Connect-Cluster
122,1590103739999,99731128,2937,365369120,AMS01-VPP1-GSB-Connect-Cluster
123,1590104039999,99725344,2945,365369120,AMS01-VPP1-GSB-Connect-Cluster
124,1590104339999,99725896,2946,365374240,AMS01-VPP1-GSB-Connect-Cluster
125,1590104639999,99727648,2962,365374240,AMS01-VPP1-GSB-Connect-Cluster
126,1590104939999,99728528,2933,365374240,AMS01-VPP1-GSB-Connect-Cluster
127,1590105239999,99731432,2957,365374240,AMS01-VPP1-GSB-Connect-Cluster
128,1590105539999,99733112,2934,365374240,AMS01-VPP1-GSB-Connect-Cluster
129,1590105839999,99731504,2992,365374240,AMS01-VPP1-GSB-Connect-Cluster
130,1590106139999,99732272,3119,365374240,AMS01-VPP1-GSB-Connect-Cluster
131,1590106439999,99750760,2973,365374240,AMS01-VPP1-GSB-Connect-Cluster
132,1590106739999,99750552,2974,365374240,AMS01-VPP1-GSB-Connect-Cluster
133,1590107039999,99753368,2927,365374240,AMS01-VPP1-GSB-Connect-Cluster
134,1590107339999,99756432,2943,365374240,AMS01-VPP1-GSB-Connect-Cluster
135,1590107639999,99778336,3035,365374240,AMS01-VPP1-GSB-Connect-Cluster
136,1590107939999,99778760,2939,365374240,AMS01-VPP1-GSB-Connect-Cluster
137,1590108239999,99781688,2912,365374240,AMS01-VPP1-GSB-Connect-Cluster
138,1590108539999,99804536,2957,365374240,AMS01-VPP1-GSB-Connect-Cluster
139,1590108839999,99804824,2926,365374240,AMS01-VPP1-GSB-Connect-Cluster
140,1590109139999,99797216,2957,365374240,AMS01-VPP1-GSB-Connect-Cluster
141,1590109439999,99803144,2970,365374240,AMS01-VPP1-GSB-Connect-Cluster
142,1590109739999,99802168,2908,365377312,AMS01-VPP1-GSB-Connect-Cluster
143,1590110039999,99803680,2917,365377312,AMS01-VPP1-GSB-Connect-Cluster
144,1590110339999,99807400,2939,365377312,AMS01-VPP1-GSB-Connect-Cluster
145,1590110639999,99803608,2992,365377312,AMS01-VPP1-GSB-Connect-Cluster
146,1590110939999,99788160,2904,365377312,AMS01-VPP1-GSB-Connect-Cluster
147,1590111239999,99789008,2931,365377312,AMS01-VPP1-GSB-Connect-Cluster
148,1590111539999,99788752,2923,365377312,AMS01-VPP1-GSB-Connect-Cluster
149,1590111839999,99791272,2952,365377312,AMS01-VPP1-GSB-Connect-Cluster
150,1590112139999,99792472,2960,365377312,AMS01-VPP1-GSB-Connect-Cluster
151,1590112439999,99794344,2942,365377312,AMS01-VPP1-GSB-Connect-Cluster
152,1590112739999,99797640,2929,365377312,AMS01-VPP1-GSB-Connect-Cluster
153,1590113039999,99809304,3006,365377312,AMS01-VPP1-GSB-Connect-Cluster
154,1590113339999,99809496,3039,365377312,AMS01-VPP1-GSB-Connect-Cluster
155,1590113639999,99817808,3075,365377312,AMS01-VPP1-GSB-Connect-Cluster
156,1590113939999,99821088,2927,365377312,AMS01-VPP1-GSB-Connect-Cluster
157,1590114239999,99822160,2945,365377312,AMS01-VPP1-GSB-Connect-Cluster
158,1590114539999,99824832,3038,365377312,AMS01-VPP1-GSB-Connect-Cluster
159,1590114839999,99850952,2992,365377312,AMS01-VPP1-GSB-Connect-Cluster
160,1590115139999,99859064,3007,365377312,AMS01-VPP1-GSB-Connect-Cluster
161,1590115439999,99865840,2986,365482560,AMS01-VPP1-GSB-Connect-Cluster
162,1590115739999,99872240,2906,365482560,AMS01-VPP1-GSB-Connect-Cluster
163,1590116039999,99865144,2891,365482560,AMS01-VPP1-GSB-Connect-Cluster
164,1590116339999,99864696,2926,365482560,AMS01-VPP1-GSB-Connect-Cluster
165,1590116639999,99870912,2979,365482560,AMS01-VPP1-GSB-Connect-Cluster
166,1590116939999,99869264,2940,365482560,AMS01-VPP1-GSB-Connect-Cluster
167,1590117239999,99872016,2966,365482560,AMS01-VPP1-GSB-Connect-Cluster
168,1590117539999,99865024,2953,365482560,AMS01-VPP1-GSB-Connect-Cluster
169,1590117839999,99862944,2945,365482560,AMS01-VPP1-GSB-Connect-Cluster
170,1590118139999,99863904,3009,365482560,AMS01-VPP1-GSB-Connect-Cluster
171,1590118439999,99867272,2914,365482560,AMS01-VPP1-GSB-Connect-Cluster
172,1590118739999,99865880,2940,365482560,AMS01-VPP1-GSB-Connect-Cluster
173,1590119039999,99869984,2944,365482560,AMS01-VPP1-GSB-Connect-Cluster
174,1590119339999,99870976,2932,365482560,AMS01-VPP1-GSB-Connect-Cluster
175,1590119639999,99873392,2976,365482560,AMS01-VPP1-GSB-Connect-Cluster
176,1590119939999,99873224,2947,365482560,AMS01-VPP1-GSB-Connect-Cluster
177,1590120239999,99882648,2976,365482560,AMS01-VPP1-GSB-Connect-Cluster
178,1590120539999,99880768,2964,365495872,AMS01-VPP1-GSB-Connect-Cluster
179,1590120839999,99884560,2980,365495872,AMS01-VPP1-GSB-Connect-Cluster
180,1590121139999,99875360,3119,365495872,AMS01-VPP1-GSB-Connect-Cluster
181,1590121439999,99880192,2988,365495872,AMS01-VPP1-GSB-Connect-Cluster
182,1590121739999,99891768,2986,365495872,AMS01-VPP1-GSB-Connect-Cluster
183,1590122039999,99893432,2986,365495872,AMS01-VPP1-GSB-Connect-Cluster
184,1590122339999,99893704,3031,365495872,AMS01-VPP1-GSB-Connect-Cluster
185,1590122639999,99910440,3063,365495872,AMS01-VPP1-GSB-Connect-Cluster
186,1590122939999,99919720,2965,365495872,AMS01-VPP1-GSB-Connect-Cluster
187,1590123239999,99922632,2970,365495872,AMS01-VPP1-GSB-Connect-Cluster
188,1590123539999,99924464,2922,365495872,AMS01-VPP1-GSB-Connect-Cluster
189,1590123839999,99931624,3003,365495872,AMS01-VPP1-GSB-Connect-Cluster
190,1590124139999,99927488,2967,365496896,AMS01-VPP1-GSB-Connect-Cluster
191,1590124439999,99923064,2960,365496896,AMS01-VPP1-GSB-Connect-Cluster
192,1590124739999,99920832,2937,365496896,AMS01-VPP1-GSB-Connect-Cluster
193,1590125039999,99926008,2914,365496896,AMS01-VPP1-GSB-Connect-Cluster
194,1590125339999,99925248,2934,365496896,AMS01-VPP1-GSB-Connect-Cluster
195,1590125639999,99930944,2986,365496896,AMS01-VPP1-GSB-Connect-Cluster
196,1590125939999,99932440,2989,365496896,AMS01-VPP1-GSB-Connect-Cluster
197,1590126239999,99930128,2954,365496896,AMS01-VPP1-GSB-Connect-Cluster
198,1590126539999,99927144,2938,365496896,AMS01-VPP1-GSB-Connect-Cluster
199,1590126839999,99931960,2933,365496896,AMS01-VPP1-GSB-Connect-Cluster
200,1590127139999,99928144,2992,365496896,AMS01-VPP1-GSB-Connect-Cluster
201,1590127439999,99921888,3051,365496896,AMS01-VPP1-GSB-Connect-Cluster
202,1590127739999,99919912,2951,365496896,AMS01-VPP1-GSB-Connect-Cluster
203,1590128039999,99922680,2947,365496896,AMS01-VPP1-GSB-Connect-Cluster
204,1590128339999,99928112,3016,365496896,AMS01-VPP1-GSB-Connect-Cluster
205,1590128639999,99950736,3070,365496896,AMS01-VPP1-GSB-Connect-Cluster
206,1590128939999,99949920,2991,365496896,AMS01-VPP1-GSB-Connect-Cluster
207,1590129239999,99959048,3009,365496896,AMS01-VPP1-GSB-Connect-Cluster
208,1590129539999,99984776,2998,365496896,AMS01-VPP1-GSB-Connect-Cluster
209,1590129839999,99990496,2988,365496896,AMS01-VPP1-GSB-Connect-Cluster
210,1590130139999,99994336,3081,365496896,AMS01-VPP1-GSB-Connect-Cluster
211,1590130439999,100000264,2965,365496896,AMS01-VPP1-GSB-Connect-Cluster
212,1590130739999,99998008,2976,365496896,AMS01-VPP1-GSB-Connect-Cluster
213,1590131039999,100001768,3057,365496896,AMS01-VPP1-GSB-Connect-Cluster
214,1590131339999,99981552,2976,365497920,AMS01-VPP1-GSB-Connect-Cluster
215,1590131639999,99981584,3001,365497920,AMS01-VPP1-GSB-Connect-Cluster
216,1590131939999,99983072,2976,365497920,AMS01-VPP1-GSB-Connect-Cluster
217,1590132239999,99985416,3032,365497920,AMS01-VPP1-GSB-Connect-Cluster
218,1590132539999,99985760,2954,365497920,AMS01-VPP1-GSB-Connect-Cluster
219,1590132839999,99987208,2961,365497920,AMS01-VPP1-GSB-Connect-Cluster
220,1590133139999,99987912,3028,365497920,AMS01-VPP1-GSB-Connect-Cluster
221,1590133439999,99980976,2961,365497920,AMS01-VPP1-GSB-Connect-Cluster
222,1590133739999,99977000,2997,365497920,AMS01-VPP1-GSB-Connect-Cluster
223,1590134039999,99980256,2989,365497920,AMS01-VPP1-GSB-Connect-Cluster
224,1590134339999,99981672,2952,365497920,AMS01-VPP1-GSB-Connect-Cluster
225,1590134639999,99990520,3041,365497920,AMS01-VPP1-GSB-Connect-Cluster
226,1590134939999,99988424,3003,365497920,AMS01-VPP1-GSB-Connect-Cluster
227,1590135239999,99993248,2942,365604800,AMS01-VPP1-GSB-Connect-Cluster
228,1590135539999,100003824,3010,365604800,AMS01-VPP1-GSB-Connect-Cluster
229,1590135839999,100025664,3032,365604800,AMS01-VPP1-GSB-Connect-Cluster
230,1590136139999,100029608,3113,365604800,AMS01-VPP1-GSB-Connect-Cluster
231,1590136439999,100027440,2966,365604800,AMS01-VPP1-GSB-Connect-Cluster
232,1590136739999,100027408,3099,365604800,AMS01-VPP1-GSB-Connect-Cluster
233,1590137039999,100039792,3028,365604800,AMS01-VPP1-GSB-Connect-Cluster
234,1590137339999,100063792,3042,365604800,AMS01-VPP1-GSB-Connect-Cluster
235,1590137639999,100067144,2980,365604800,AMS01-VPP1-GSB-Connect-Cluster
236,1590137939999,100065072,2966,365604800,AMS01-VPP1-GSB-Connect-Cluster
237,1590138239999,100061008,3056,365604800,AMS01-VPP1-GSB-Connect-Cluster
238,1590138539999,100059488,3003,365615040,AMS01-VPP1-GSB-Connect-Cluster
239,1590138839999,100062672,2959,365615040,AMS01-VPP1-GSB-Connect-Cluster
240,1590139139999,100063232,3026,365615040,AMS01-VPP1-GSB-Connect-Cluster
241,1590139439999,100059560,2979,365615040,AMS01-VPP1-GSB-Connect-Cluster
242,1590139739999,100052840,3002,365615040,AMS01-VPP1-GSB-Connect-Cluster
243,1590140039999,100056424,3035,365615040,AMS01-VPP1-GSB-Connect-Cluster
244,1590140339999,100056976,2989,365615040,AMS01-VPP1-GSB-Connect-Cluster
245,1590140639999,100061992,3018,365615040,AMS01-VPP1-GSB-Connect-Cluster
246,1590140939999,100062544,2950,365615040,AMS01-VPP1-GSB-Connect-Cluster
247,1590141239999,100065520,2998,365615040,AMS01-VPP1-GSB-Connect-Cluster
248,1590141539999,100057944,3003,365615040,AMS01-VPP1-GSB-Connect-Cluster
249,1590141839999,100058176,3076,365615040,AMS01-VPP1-GSB-Connect-Cluster
250,1590142139999,100064480,3066,365618112,AMS01-VPP1-GSB-Connect-Cluster
251,1590142439999,100072192,3066,365618112,AMS01-VPP1-GSB-Connect-Cluster
252,1590142739999,100077336,2946,365618112,AMS01-VPP1-GSB-Connect-Cluster
253,1590143039999,100094512,3022,365618112,AMS01-VPP1-GSB-Connect-Cluster
254,1590143339999,100111832,3026,365618112,AMS01-VPP1-GSB-Connect-Cluster
255,1590143639999,100125824,3104,365618112,AMS01-VPP1-GSB-Connect-Cluster
256,1590143939999,100149896,2990,365618112,AMS01-VPP1-GSB-Connect-Cluster
257,1590144239999,100158008,3008,365618112,AMS01-VPP1-GSB-Connect-Cluster
258,1590144539999,100161336,2948,365618112,AMS01-VPP1-GSB-Connect-Cluster
259,1590144839999,100159264,2979,365618112,AMS01-VPP1-GSB-Connect-Cluster
260,1590145139999,100149056,3050,365618112,AMS01-VPP1-GSB-Connect-Cluster
261,1590145439999,100155600,3004,365618112,AMS01-VPP1-GSB-Connect-Cluster
262,1590145739999,100139992,2963,365618112,AMS01-VPP1-GSB-Connect-Cluster
263,1590146039999,100141952,2940,365618112,AMS01-VPP1-GSB-Connect-Cluster
264,1590146339999,100140968,2994,365618112,AMS01-VPP1-GSB-Connect-Cluster
265,1590146639999,100136648,3003,365618112,AMS01-VPP1-GSB-Connect-Cluster
266,1590146939999,100129456,2939,365618112,AMS01-VPP1-GSB-Connect-Cluster
267,1590147239999,100130376,2966,365618112,AMS01-VPP1-GSB-Connect-Cluster
268,1590147539999,100130968,2979,365624256,AMS01-VPP1-GSB-Connect-Cluster
269,1590147839999,100132000,2973,365624256,AMS01-VPP1-GSB-Connect-Cluster
270,1590148139999,100132464,3016,365624256,AMS01-VPP1-GSB-Connect-Cluster
271,1590148439999,100134768,2975,365624256,AMS01-VPP1-GSB-Connect-Cluster
272,1590148739999,100135824,2969,365624256,AMS01-VPP1-GSB-Connect-Cluster
273,1590149039999,100143296,3080,365624256,AMS01-VPP1-GSB-Connect-Cluster
274,1590149339999,100141640,3026,365624256,AMS01-VPP1-GSB-Connect-Cluster
275,1590149639999,100156096,3046,365624256,AMS01-VPP1-GSB-Connect-Cluster
276,1590149939999,100184600,3043,365624256,AMS01-VPP1-GSB-Connect-Cluster
277,1590150239999,100190824,3054,365624256,AMS01-VPP1-GSB-Connect-Cluster
278,1590150539999,100202192,3077,365624256,AMS01-VPP1-GSB-Connect-Cluster
279,1590150839999,100220080,3044,365624256,AMS01-VPP1-GSB-Connect-Cluster
280,1590151139999,100223120,2954,365624256,AMS01-VPP1-GSB-Connect-Cluster
281,1590151439999,100224592,3000,365624256,AMS01-VPP1-GSB-Connect-Cluster
282,1590151739999,100207496,3021,365624256,AMS01-VPP1-GSB-Connect-Cluster
283,1590152039999,100198808,2950,365624256,AMS01-VPP1-GSB-Connect-Cluster
284,1590152339999,100197128,2975,365624256,AMS01-VPP1-GSB-Connect-Cluster
285,1590152639999,100203016,3056,365624256,AMS01-VPP1-GSB-Connect-Cluster
286,1590152939999,100199384,2991,365624256,AMS01-VPP1-GSB-Connect-Cluster
287,1590153239999,100203560,2983,365624256,AMS01-VPP1-GSB-Connect-Cluster
