,timestamps,mem,cpu,disk,clustername
0,1590067139999,2126368000,119500,-2147483648,DFW02-VPP1-Infrastructure-Cluster
1,1590067439999,2126429184,114668,-2147483648,DFW02-VPP1-Infrastructure-Cluster
2,1590067739999,2126529408,113619,-2147483648,DFW02-VPP1-Infrastructure-Cluster
3,1590068039999,2126715520,112908,-2147483648,DFW02-VPP1-Infrastructure-Cluster
4,1590068339999,2126886016,117263,-2147483648,DFW02-VPP1-Infrastructure-Cluster
5,1590068639999,2126983680,108178,-2147483648,DFW02-VPP1-Infrastructure-Cluster
6,1590068939999,2127072384,113352,-2147483648,DFW02-VPP1-Infrastructure-Cluster
7,1590069239999,2127154944,118670,-2147483648,DFW02-VPP1-Infrastructure-Cluster
8,1590069539999,2127246976,115577,-2147483648,DFW02-VPP1-Infrastructure-Cluster
9,1590069839999,2127377280,114978,-2147483648,DFW02-VPP1-Infrastructure-Cluster
10,1590070139999,2127625600,124368,-2147483648,DFW02-VPP1-Infrastructure-Cluster
11,1590070439999,2127804032,115281,-2147483648,DFW02-VPP1-Infrastructure-Cluster
12,1590070739999,2127966976,116146,-2147483648,DFW02-VPP1-Infrastructure-Cluster
13,1590071039999,2128065280,117901,-2147483648,DFW02-VPP1-Infrastructure-Cluster
14,1590071339999,2128209920,116116,-2147483648,DFW02-VPP1-Infrastructure-Cluster
15,1590071639999,2128194176,116581,-2147483648,DFW02-VPP1-Infrastructure-Cluster
16,1590071939999,2128011136,122569,-2147483648,DFW02-VPP1-Infrastructure-Cluster
17,1590072239999,2127846912,113481,-2147483648,DFW02-VPP1-Infrastructure-Cluster
18,1590072539999,2127874432,116484,-2147483648,DFW02-VPP1-Infrastructure-Cluster
19,1590072839999,2127920512,120189,-2147483648,DFW02-VPP1-Infrastructure-Cluster
20,1590073139999,2127772800,116353,-2147483648,DFW02-VPP1-Infrastructure-Cluster
21,1590073439999,2127660800,116345,-2147483648,DFW02-VPP1-Infrastructure-Cluster
22,1590073739999,2127827840,125179,-2147483648,DFW02-VPP1-Infrastructure-Cluster
23,1590074039999,2127888640,117629,-2147483648,DFW02-VPP1-Infrastructure-Cluster
24,1590074339999,2127976192,117890,-2147483648,DFW02-VPP1-Infrastructure-Cluster
25,1590074639999,2128030848,120366,-2147483648,DFW02-VPP1-Infrastructure-Cluster
26,1590074939999,2128098816,117404,-2147483648,DFW02-VPP1-Infrastructure-Cluster
27,1590075239999,2128241152,114959,-2147483648,DFW02-VPP1-Infrastructure-Cluster
28,1590075539999,2128345856,121205,-2147483648,DFW02-VPP1-Infrastructure-Cluster
29,1590075839999,2128474624,110598,-2147483648,DFW02-VPP1-Infrastructure-Cluster
30,1590076139999,2128565120,112983,-2147483648,DFW02-VPP1-Infrastructure-Cluster
31,1590076439999,2128702592,118772,-2147483648,DFW02-VPP1-Infrastructure-Cluster
32,1590076739999,2128847104,110409,-2147483648,DFW02-VPP1-Infrastructure-Cluster
33,1590077039999,2128995072,116849,-2147483648,DFW02-VPP1-Infrastructure-Cluster
34,1590077339999,2129081472,123057,-2147483648,DFW02-VPP1-Infrastructure-Cluster
35,1590077639999,2129153280,112246,-2147483648,DFW02-VPP1-Infrastructure-Cluster
36,1590077939999,2129270912,112705,-2147483648,DFW02-VPP1-Infrastructure-Cluster
37,1590078239999,2129368704,118765,-2147483648,DFW02-VPP1-Infrastructure-Cluster
38,1590078539999,2129490048,116796,-2147483648,DFW02-VPP1-Infrastructure-Cluster
39,1590078839999,2129632512,115265,-2147483648,DFW02-VPP1-Infrastructure-Cluster
40,1590079139999,2129783680,116791,-2147483648,DFW02-VPP1-Infrastructure-Cluster
41,1590079439999,2129974528,108542,-2147483648,DFW02-VPP1-Infrastructure-Cluster
42,1590079739999,2130215552,108328,-2147483648,DFW02-VPP1-Infrastructure-Cluster
43,1590080039999,2130322560,116362,-2147483648,DFW02-VPP1-Infrastructure-Cluster
44,1590080339999,2130462976,115651,-2147483648,DFW02-VPP1-Infrastructure-Cluster
45,1590080639999,2130563328,118740,-2147483648,DFW02-VPP1-Infrastructure-Cluster
46,1590080939999,2130713728,128089,-2147483648,DFW02-VPP1-Infrastructure-Cluster
47,1590081239999,2130719232,108240,-2147483648,DFW02-VPP1-Infrastructure-Cluster
48,1590081539999,2130782592,108777,-2147483648,DFW02-VPP1-Infrastructure-Cluster
49,1590081839999,2130866304,111049,-2147483648,DFW02-VPP1-Infrastructure-Cluster
50,1590082139999,2130915328,115121,-2147483648,DFW02-VPP1-Infrastructure-Cluster
51,1590082439999,2130989952,116726,-2147483648,DFW02-VPP1-Infrastructure-Cluster
52,1590082739999,2131080192,119998,-2147483648,DFW02-VPP1-Infrastructure-Cluster
53,1590083039999,2131172096,112265,-2147483648,DFW02-VPP1-Infrastructure-Cluster
54,1590083339999,2131304320,108557,-2147483648,DFW02-VPP1-Infrastructure-Cluster
55,1590083639999,2131354624,110636,-2147483648,DFW02-VPP1-Infrastructure-Cluster
56,1590083939999,2131408896,116369,-2147483648,DFW02-VPP1-Infrastructure-Cluster
57,1590084239999,2131517568,122250,-2147483648,DFW02-VPP1-Infrastructure-Cluster
58,1590084539999,2131692544,126021,-2147483648,DFW02-VPP1-Infrastructure-Cluster
59,1590084839999,2131843328,113109,-2147483648,DFW02-VPP1-Infrastructure-Cluster
60,1590085139999,2132022912,107486,-2147483648,DFW02-VPP1-Infrastructure-Cluster
61,1590085439999,2132121472,112750,-2147483648,DFW02-VPP1-Infrastructure-Cluster
62,1590085739999,2132189184,116219,-2147483648,DFW02-VPP1-Infrastructure-Cluster
63,1590086039999,2132382080,119799,-2147483648,DFW02-VPP1-Infrastructure-Cluster
64,1590086339999,2132634368,122238,-2147483648,DFW02-VPP1-Infrastructure-Cluster
65,1590086639999,2132731904,109850,-2147483648,DFW02-VPP1-Infrastructure-Cluster
66,1590086939999,2132814464,109342,-2147483648,DFW02-VPP1-Infrastructure-Cluster
67,1590087239999,2132952832,114756,-2147483648,DFW02-VPP1-Infrastructure-Cluster
68,1590087539999,2133017984,115359,-2147483648,DFW02-VPP1-Infrastructure-Cluster
69,1590087839999,2133190016,117940,-2147483648,DFW02-VPP1-Infrastructure-Cluster
70,1590088139999,2133400192,124542,-2147483648,DFW02-VPP1-Infrastructure-Cluster
71,1590088439999,2133427072,115052,-2147483648,DFW02-VPP1-Infrastructure-Cluster
72,1590088739999,2133546112,112694,-2147483648,DFW02-VPP1-Infrastructure-Cluster
73,1590089039999,2133628416,113521,-2147483648,DFW02-VPP1-Infrastructure-Cluster
74,1590089339999,2133744640,115539,-2147483648,DFW02-VPP1-Infrastructure-Cluster
75,1590089639999,2134405248,119978,-2147483648,DFW02-VPP1-Infrastructure-Cluster
76,1590089939999,2135214848,122486,-2147483648,DFW02-VPP1-Infrastructure-Cluster
77,1590090239999,2135268480,112140,-2147483648,DFW02-VPP1-Infrastructure-Cluster
78,1590090539999,2135327872,110379,-2147483648,DFW02-VPP1-Infrastructure-Cluster
79,1590090839999,2135440896,112543,-2147483648,DFW02-VPP1-Infrastructure-Cluster
80,1590091139999,2135504000,116622,-2147483648,DFW02-VPP1-Infrastructure-Cluster
81,1590091439999,2135552128,116320,-2147483648,DFW02-VPP1-Infrastructure-Cluster
82,1590091739999,2135837440,126653,-2147483648,DFW02-VPP1-Infrastructure-Cluster
83,1590092039999,2135989760,112547,-2147483648,DFW02-VPP1-Infrastructure-Cluster
84,1590092339999,2136184832,109326,-2147483648,DFW02-VPP1-Infrastructure-Cluster
85,1590092639999,2136305536,111984,-2147483648,DFW02-VPP1-Infrastructure-Cluster
86,1590092939999,2136846848,115112,-2147483648,DFW02-VPP1-Infrastructure-Cluster
87,1590093239999,2137141248,117737,-2147483648,DFW02-VPP1-Infrastructure-Cluster
88,1590093539999,2137287296,122094,-2147483648,DFW02-VPP1-Infrastructure-Cluster
89,1590093839999,2137525888,112424,-2147483648,DFW02-VPP1-Infrastructure-Cluster
90,1590094139999,2137682048,110932,-2147483648,DFW02-VPP1-Infrastructure-Cluster
91,1590094439999,2137793792,110640,-2147483648,DFW02-VPP1-Infrastructure-Cluster
92,1590094739999,2137859840,112471,-2147483648,DFW02-VPP1-Infrastructure-Cluster
93,1590095039999,2137955328,119810,-2147483648,DFW02-VPP1-Infrastructure-Cluster
94,1590095339999,2138162048,120867,-2147483648,DFW02-VPP1-Infrastructure-Cluster
95,1590095639999,2138206080,112102,-2147483648,DFW02-VPP1-Infrastructure-Cluster
96,1590095939999,2138277248,107809,-2147483648,DFW02-VPP1-Infrastructure-Cluster
97,1590096239999,2138340480,107791,-2147483648,DFW02-VPP1-Infrastructure-Cluster
98,1590096539999,2138419328,110308,-2147483648,DFW02-VPP1-Infrastructure-Cluster
99,1590096839999,2138557568,117136,-2147483648,DFW02-VPP1-Infrastructure-Cluster
100,1590097139999,2138649472,117820,-2147483648,DFW02-VPP1-Infrastructure-Cluster
101,1590097439999,2138704896,110726,-2147483648,DFW02-VPP1-Infrastructure-Cluster
102,1590097739999,2138772992,106055,-2147483648,DFW02-VPP1-Infrastructure-Cluster
103,1590098039999,2138877824,105161,-2147483648,DFW02-VPP1-Infrastructure-Cluster
104,1590098339999,2138979456,106752,-2147483648,DFW02-VPP1-Infrastructure-Cluster
105,1590098639999,2139102464,111452,-2147483648,DFW02-VPP1-Infrastructure-Cluster
106,1590098939999,2139485696,121417,-2147483648,DFW02-VPP1-Infrastructure-Cluster
107,1590099239999,2139648768,109860,-2147483648,DFW02-VPP1-Infrastructure-Cluster
108,1590099539999,2139771264,106722,-2147483648,DFW02-VPP1-Infrastructure-Cluster
109,1590099839999,2139949952,107386,-2147483648,DFW02-VPP1-Infrastructure-Cluster
110,1590100139999,2140058624,105757,-2147483648,DFW02-VPP1-Infrastructure-Cluster
111,1590100439999,2140228736,98410,-2147483648,DFW02-VPP1-Infrastructure-Cluster
112,1590100739999,2140443904,92979,-2147483648,DFW02-VPP1-Infrastructure-Cluster
113,1590101039999,2140565760,86820,-2147483648,DFW02-VPP1-Infrastructure-Cluster
114,1590101339999,2140702592,77774,-2147483648,DFW02-VPP1-Infrastructure-Cluster
115,1590101639999,2140840064,77041,-2147483648,DFW02-VPP1-Infrastructure-Cluster
116,1590101939999,2140921472,81739,-2147483648,DFW02-VPP1-Infrastructure-Cluster
117,1590102239999,2140999168,82198,-2147483648,DFW02-VPP1-Infrastructure-Cluster
118,1590102539999,2141177472,87110,-2147483648,DFW02-VPP1-Infrastructure-Cluster
119,1590102839999,2141251840,81028,-2147483648,DFW02-VPP1-Infrastructure-Cluster
120,1590103139999,2141371392,76566,-2147483648,DFW02-VPP1-Infrastructure-Cluster
121,1590103439999,2141458816,75348,-2147483648,DFW02-VPP1-Infrastructure-Cluster
122,1590103739999,2141524992,78268,-2147483648,DFW02-VPP1-Infrastructure-Cluster
123,1590104039999,2141704832,83217,-2147483648,DFW02-VPP1-Infrastructure-Cluster
124,1590104339999,2141866368,93028,-2147483648,DFW02-VPP1-Infrastructure-Cluster
125,1590104639999,2142047232,83527,-2147483648,DFW02-VPP1-Infrastructure-Cluster
126,1590104939999,2142144640,83636,-2147483648,DFW02-VPP1-Infrastructure-Cluster
127,1590105239999,2142235776,84953,-2147483648,DFW02-VPP1-Infrastructure-Cluster
128,1590105539999,2142333056,85055,-2147483648,DFW02-VPP1-Infrastructure-Cluster
129,1590105839999,2142486272,89335,-2147483648,DFW02-VPP1-Infrastructure-Cluster
130,1590106139999,2142776704,91917,-2147483648,DFW02-VPP1-Infrastructure-Cluster
131,1590106439999,2142867328,84788,-2147483648,DFW02-VPP1-Infrastructure-Cluster
132,1590106739999,2142971648,78673,-2147483648,DFW02-VPP1-Infrastructure-Cluster
133,1590107039999,2143107712,77284,-2147483648,DFW02-VPP1-Infrastructure-Cluster
134,1590107339999,2143278720,74491,-2147483648,DFW02-VPP1-Infrastructure-Cluster
135,1590107639999,2143461888,82105,-2147483648,DFW02-VPP1-Infrastructure-Cluster
136,1590107939999,2143555328,84130,-2147483648,DFW02-VPP1-Infrastructure-Cluster
137,1590108239999,2143711104,79984,-2147483648,DFW02-VPP1-Infrastructure-Cluster
138,1590108539999,2143946112,78610,-2147483648,DFW02-VPP1-Infrastructure-Cluster
139,1590108839999,2144039552,76224,-2147483648,DFW02-VPP1-Infrastructure-Cluster
140,1590109139999,2144144640,75225,-2147483648,DFW02-VPP1-Infrastructure-Cluster
141,1590109439999,2144208896,79892,-2147483648,DFW02-VPP1-Infrastructure-Cluster
142,1590109739999,2144346240,85100,-2147483648,DFW02-VPP1-Infrastructure-Cluster
143,1590110039999,2144396032,82739,-2147483648,DFW02-VPP1-Infrastructure-Cluster
144,1590110339999,2144623488,84228,-2147483648,DFW02-VPP1-Infrastructure-Cluster
145,1590110639999,2144804224,89187,-2147483648,DFW02-VPP1-Infrastructure-Cluster
146,1590110939999,2144887936,88596,-2147483648,DFW02-VPP1-Infrastructure-Cluster
147,1590111239999,2144971136,88294,-2147483648,DFW02-VPP1-Infrastructure-Cluster
148,1590111539999,2145021568,83803,-2147483648,DFW02-VPP1-Infrastructure-Cluster
149,1590111839999,2145130752,81280,-2147483648,DFW02-VPP1-Infrastructure-Cluster
150,1590112139999,2145211264,81433,-2147483648,DFW02-VPP1-Infrastructure-Cluster
151,1590112439999,2145273088,78824,-2147483648,DFW02-VPP1-Infrastructure-Cluster
152,1590112739999,2145295488,76942,-2147483648,DFW02-VPP1-Infrastructure-Cluster
153,1590113039999,2145316608,76200,-2147483648,DFW02-VPP1-Infrastructure-Cluster
154,1590113339999,2145511552,81863,-2147483648,DFW02-VPP1-Infrastructure-Cluster
155,1590113639999,2145559424,77312,-2147483648,DFW02-VPP1-Infrastructure-Cluster
156,1590113939999,2145740416,77942,-2147483648,DFW02-VPP1-Infrastructure-Cluster
157,1590114239999,2145904384,79663,-2147483648,DFW02-VPP1-Infrastructure-Cluster
158,1590114539999,2146004224,74481,-2147483648,DFW02-VPP1-Infrastructure-Cluster
159,1590114839999,2146078336,76999,-2147483648,DFW02-VPP1-Infrastructure-Cluster
160,1590115139999,2146163712,78774,-2147483648,DFW02-VPP1-Infrastructure-Cluster
161,1590115439999,2146244096,77541,-2147483648,DFW02-VPP1-Infrastructure-Cluster
162,1590115739999,2146331776,82635,-2147483648,DFW02-VPP1-Infrastructure-Cluster
163,1590116039999,2146355456,87920,-2147483648,DFW02-VPP1-Infrastructure-Cluster
164,1590116339999,2146438528,85534,-2147483648,DFW02-VPP1-Infrastructure-Cluster
165,1590116639999,2146560128,81583,-2147483648,DFW02-VPP1-Infrastructure-Cluster
166,1590116939999,2146756352,76802,-2147483648,DFW02-VPP1-Infrastructure-Cluster
167,1590117239999,2146771584,76129,-2147483648,DFW02-VPP1-Infrastructure-Cluster
168,1590117539999,2146843136,82991,-2147483648,DFW02-VPP1-Infrastructure-Cluster
169,1590117839999,2146889216,79651,-2147483648,DFW02-VPP1-Infrastructure-Cluster
170,1590118139999,2146987520,75579,-2147483648,DFW02-VPP1-Infrastructure-Cluster
171,1590118439999,2147062272,79093,-2147483648,DFW02-VPP1-Infrastructure-Cluster
172,1590118739999,2147190144,79116,-2147483648,DFW02-VPP1-Infrastructure-Cluster
173,1590119039999,2147342976,77961,-2147483648,DFW02-VPP1-Infrastructure-Cluster
174,1590119339999,2147416832,80365,-2147483648,DFW02-VPP1-Infrastructure-Cluster
175,1590119639999,-2147483648,79912,-2147483648,DFW02-VPP1-Infrastructure-Cluster
176,1590119939999,-2147483648,76322,-2147483648,DFW02-VPP1-Infrastructure-Cluster
177,1590120239999,-2147483648,76706,-2147483648,DFW02-VPP1-Infrastructure-Cluster
178,1590120539999,-2147483648,82028,-2147483648,DFW02-VPP1-Infrastructure-Cluster
179,1590120839999,-2147483648,75780,-2147483648,DFW02-VPP1-Infrastructure-Cluster
180,1590121139999,-2147483648,82377,-2147483648,DFW02-VPP1-Infrastructure-Cluster
181,1590121439999,-2147483648,79297,-2147483648,DFW02-VPP1-Infrastructure-Cluster
182,1590121739999,-2147483648,76784,-2147483648,DFW02-VPP1-Infrastructure-Cluster
183,1590122039999,-2147483648,79017,-2147483648,DFW02-VPP1-Infrastructure-Cluster
184,1590122339999,-2147483648,78344,-2147483648,DFW02-VPP1-Infrastructure-Cluster
185,1590122639999,-2147483648,76584,-2147483648,DFW02-VPP1-Infrastructure-Cluster
186,1590122939999,-2147483648,79503,-2147483648,DFW02-VPP1-Infrastructure-Cluster
187,1590123239999,-2147483648,79050,-2147483648,DFW02-VPP1-Infrastructure-Cluster
188,1590123539999,-2147483648,76205,-2147483648,DFW02-VPP1-Infrastructure-Cluster
189,1590123839999,-2147483648,80247,-2147483648,DFW02-VPP1-Infrastructure-Cluster
190,1590124139999,-2147483648,82587,-2147483648,DFW02-VPP1-Infrastructure-Cluster
191,1590124439999,-2147483648,81230,-2147483648,DFW02-VPP1-Infrastructure-Cluster
192,1590124739999,-2147483648,83571,-2147483648,DFW02-VPP1-Infrastructure-Cluster
193,1590125039999,-2147483648,80347,-2147483648,DFW02-VPP1-Infrastructure-Cluster
194,1590125339999,-2147483648,78637,-2147483648,DFW02-VPP1-Infrastructure-Cluster
195,1590125639999,-2147483648,80813,-2147483648,DFW02-VPP1-Infrastructure-Cluster
196,1590125939999,-2147483648,79367,-2147483648,DFW02-VPP1-Infrastructure-Cluster
197,1590126239999,-2147483648,75703,-2147483648,DFW02-VPP1-Infrastructure-Cluster
198,1590126539999,-2147483648,79862,-2147483648,DFW02-VPP1-Infrastructure-Cluster
199,1590126839999,-2147483648,81101,-2147483648,DFW02-VPP1-Infrastructure-Cluster
200,1590127139999,-2147483648,78832,-2147483648,DFW02-VPP1-Infrastructure-Cluster
201,1590127439999,-2147483648,79850,-2147483648,DFW02-VPP1-Infrastructure-Cluster
202,1590127739999,-2147483648,81963,-2147483648,DFW02-VPP1-Infrastructure-Cluster
203,1590128039999,-2147483648,76656,-2147483648,DFW02-VPP1-Infrastructure-Cluster
204,1590128339999,-2147483648,80179,-2147483648,DFW02-VPP1-Infrastructure-Cluster
205,1590128639999,-2147483648,82410,-2147483648,DFW02-VPP1-Infrastructure-Cluster
206,1590128939999,-2147483648,80870,-2147483648,DFW02-VPP1-Infrastructure-Cluster
207,1590129239999,-2147483648,82308,-2147483648,DFW02-VPP1-Infrastructure-Cluster
208,1590129539999,-2147483648,81705,-2147483648,DFW02-VPP1-Infrastructure-Cluster
209,1590129839999,-2147483648,78463,-2147483648,DFW02-VPP1-Infrastructure-Cluster
210,1590130139999,-2147483648,79098,-2147483648,DFW02-VPP1-Infrastructure-Cluster
211,1590130439999,-2147483648,82866,-2147483648,DFW02-VPP1-Infrastructure-Cluster
212,1590130739999,-2147483648,82053,-2147483648,DFW02-VPP1-Infrastructure-Cluster
213,1590131039999,-2147483648,82966,-2147483648,DFW02-VPP1-Infrastructure-Cluster
214,1590131339999,-2147483648,84197,-2147483648,DFW02-VPP1-Infrastructure-Cluster
215,1590131639999,-2147483648,76270,-2147483648,DFW02-VPP1-Infrastructure-Cluster
216,1590131939999,-2147483648,80215,-2147483648,DFW02-VPP1-Infrastructure-Cluster
217,1590132239999,-2147483648,82241,-2147483648,DFW02-VPP1-Infrastructure-Cluster
218,1590132539999,-2147483648,83000,-2147483648,DFW02-VPP1-Infrastructure-Cluster
219,1590132839999,-2147483648,81468,-2147483648,DFW02-VPP1-Infrastructure-Cluster
220,1590133139999,-2147483648,82255,-2147483648,DFW02-VPP1-Infrastructure-Cluster
221,1590133439999,-2147483648,76328,-2147483648,DFW02-VPP1-Infrastructure-Cluster
222,1590133739999,-2147483648,77119,-2147483648,DFW02-VPP1-Infrastructure-Cluster
223,1590134039999,-2147483648,78926,-2147483648,DFW02-VPP1-Infrastructure-Cluster
224,1590134339999,-2147483648,80658,-2147483648,DFW02-VPP1-Infrastructure-Cluster
225,1590134639999,-2147483648,79456,-2147483648,DFW02-VPP1-Infrastructure-Cluster
226,1590134939999,-2147483648,82449,-2147483648,DFW02-VPP1-Infrastructure-Cluster
227,1590135239999,-2147483648,74015,-2147483648,DFW02-VPP1-Infrastructure-Cluster
228,1590135539999,-2147483648,77154,-2147483648,DFW02-VPP1-Infrastructure-Cluster
229,1590135839999,-2147483648,78665,-2147483648,DFW02-VPP1-Infrastructure-Cluster
230,1590136139999,-2147483648,80106,-2147483648,DFW02-VPP1-Infrastructure-Cluster
231,1590136439999,-2147483648,86676,-2147483648,DFW02-VPP1-Infrastructure-Cluster
232,1590136739999,-2147483648,80148,-2147483648,DFW02-VPP1-Infrastructure-Cluster
233,1590137039999,-2147483648,73158,-2147483648,DFW02-VPP1-Infrastructure-Cluster
234,1590137339999,-2147483648,78230,-2147483648,DFW02-VPP1-Infrastructure-Cluster
235,1590137639999,-2147483648,78652,-2147483648,DFW02-VPP1-Infrastructure-Cluster
236,1590137939999,-2147483648,79402,-2147483648,DFW02-VPP1-Infrastructure-Cluster
237,1590138239999,-2147483648,83208,-2147483648,DFW02-VPP1-Infrastructure-Cluster
238,1590138539999,-2147483648,79161,-2147483648,DFW02-VPP1-Infrastructure-Cluster
239,1590138839999,-2147483648,74833,-2147483648,DFW02-VPP1-Infrastructure-Cluster
240,1590139139999,-2147483648,77179,-2147483648,DFW02-VPP1-Infrastructure-Cluster
241,1590139439999,-2147483648,106377,-2147483648,DFW02-VPP1-Infrastructure-Cluster
242,1590139739999,-2147483648,104730,-2147483648,DFW02-VPP1-Infrastructure-Cluster
243,1590140039999,-2147483648,110622,-2147483648,DFW02-VPP1-Infrastructure-Cluster
244,1590140339999,-2147483648,110987,-2147483648,DFW02-VPP1-Infrastructure-Cluster
245,1590140639999,-2147483648,102104,-2147483648,DFW02-VPP1-Infrastructure-Cluster
246,1590140939999,-2147483648,102156,-2147483648,DFW02-VPP1-Infrastructure-Cluster
247,1590141239999,-2147483648,104338,-2147483648,DFW02-VPP1-Infrastructure-Cluster
248,1590141539999,-2147483648,107570,-2147483648,DFW02-VPP1-Infrastructure-Cluster
249,1590141839999,-2147483648,112820,-2147483648,DFW02-VPP1-Infrastructure-Cluster
250,1590142139999,-2147483648,111449,-2147483648,DFW02-VPP1-Infrastructure-Cluster
251,1590142439999,-2147483648,103590,-2147483648,DFW02-VPP1-Infrastructure-Cluster
252,1590142739999,-2147483648,103925,-2147483648,DFW02-VPP1-Infrastructure-Cluster
253,1590143039999,-2147483648,106460,-2147483648,DFW02-VPP1-Infrastructure-Cluster
254,1590143339999,-2147483648,107522,-2147483648,DFW02-VPP1-Infrastructure-Cluster
255,1590143639999,-2147483648,111597,-2147483648,DFW02-VPP1-Infrastructure-Cluster
256,1590143939999,-2147483648,110113,-2147483648,DFW02-VPP1-Infrastructure-Cluster
257,1590144239999,-2147483648,102979,-2147483648,DFW02-VPP1-Infrastructure-Cluster
258,1590144539999,-2147483648,103239,-2147483648,DFW02-VPP1-Infrastructure-Cluster
259,1590144839999,-2147483648,104480,-2147483648,DFW02-VPP1-Infrastructure-Cluster
260,1590145139999,-2147483648,104998,-2147483648,DFW02-VPP1-Infrastructure-Cluster
261,1590145439999,-2147483648,113592,-2147483648,DFW02-VPP1-Infrastructure-Cluster
262,1590145739999,-2147483648,110764,-2147483648,DFW02-VPP1-Infrastructure-Cluster
263,1590146039999,-2147483648,109214,-2147483648,DFW02-VPP1-Infrastructure-Cluster
264,1590146339999,-2147483648,104823,-2147483648,DFW02-VPP1-Infrastructure-Cluster
265,1590146639999,-2147483648,109462,-2147483648,DFW02-VPP1-Infrastructure-Cluster
266,1590146939999,-2147483648,105578,-2147483648,DFW02-VPP1-Infrastructure-Cluster
267,1590147239999,-2147483648,110858,-2147483648,DFW02-VPP1-Infrastructure-Cluster
268,1590147539999,-2147483648,114998,-2147483648,DFW02-VPP1-Infrastructure-Cluster
269,1590147839999,-2147483648,105885,-2147483648,DFW02-VPP1-Infrastructure-Cluster
270,1590148139999,-2147483648,103090,-2147483648,DFW02-VPP1-Infrastructure-Cluster
271,1590148439999,-2147483648,104114,-2147483648,DFW02-VPP1-Infrastructure-Cluster
272,1590148739999,-2147483648,106277,-2147483648,DFW02-VPP1-Infrastructure-Cluster
273,1590149039999,-2147483648,113725,-2147483648,DFW02-VPP1-Infrastructure-Cluster
274,1590149339999,-2147483648,122419,-2147483648,DFW02-VPP1-Infrastructure-Cluster
275,1590149639999,-2147483648,107513,-2147483648,DFW02-VPP1-Infrastructure-Cluster
276,1590149939999,-2147483648,104216,-2147483648,DFW02-VPP1-Infrastructure-Cluster
277,1590150239999,-2147483648,103789,-2147483648,DFW02-VPP1-Infrastructure-Cluster
278,1590150539999,-2147483648,106246,-2147483648,DFW02-VPP1-Infrastructure-Cluster
279,1590150839999,-2147483648,112912,-2147483648,DFW02-VPP1-Infrastructure-Cluster
280,1590151139999,-2147483648,115693,-2147483648,DFW02-VPP1-Infrastructure-Cluster
281,1590151439999,-2147483648,108528,-2147483648,DFW02-VPP1-Infrastructure-Cluster
282,1590151739999,-2147483648,106081,-2147483648,DFW02-VPP1-Infrastructure-Cluster
283,1590152039999,-2147483648,104930,-2147483648,DFW02-VPP1-Infrastructure-Cluster
284,1590152339999,-2147483648,106452,-2147483648,DFW02-VPP1-Infrastructure-Cluster
285,1590152639999,-2147483648,116071,-2147483648,DFW02-VPP1-Infrastructure-Cluster
286,1590152939999,-2147483648,117575,-2147483648,DFW02-VPP1-Infrastructure-Cluster
287,1590153239999,-2147483648,108860,-2147483648,DFW02-VPP1-Infrastructure-Cluster
