,timestamps,mem,cpu,disk,clustername
0,1590067079999,83473648,2465,-2147483648,DFW02-VPP1-Management-Cluster
1,1590067379999,83478592,2696,-2147483648,DFW02-VPP1-Management-Cluster
2,1590067679999,83469376,2550,-2147483648,DFW02-VPP1-Management-Cluster
3,1590067979999,83465128,2475,-2147483648,DFW02-VPP1-Management-Cluster
4,1590068279999,83464816,2453,-2147483648,DFW02-VPP1-Management-Cluster
5,1590068579999,83460624,2377,-2147483648,DFW02-VPP1-Management-Cluster
6,1590068879999,83452208,2740,-2147483648,DFW02-VPP1-Management-Cluster
7,1590069179999,83454456,2383,-2147483648,DFW02-VPP1-Management-Cluster
8,1590069479999,83453968,2432,-2147483648,DFW02-VPP1-Management-Cluster
9,1590069779999,83455824,2747,-2147483648,DFW02-VPP1-Management-Cluster
10,1590070079999,83462600,2580,-2147483648,DFW02-VPP1-Management-Cluster
11,1590070379999,83457888,2699,-2147483648,DFW02-VPP1-Management-Cluster
12,1590070679999,83461784,2984,-2147483648,DFW02-VPP1-Management-Cluster
13,1590070979999,83461336,2647,-2147483648,DFW02-VPP1-Management-Cluster
14,1590071279999,83460368,2528,-2147483648,DFW02-VPP1-Management-Cluster
15,1590071579999,83463008,2614,-2147483648,DFW02-VPP1-Management-Cluster
16,1590071879999,83461688,2629,-2147483648,DFW02-VPP1-Management-Cluster
17,1590072179999,83465704,2520,-2147483648,DFW02-VPP1-Management-Cluster
18,1590072479999,83464688,2645,-2147483648,DFW02-VPP1-Management-Cluster
19,1590072779999,83468848,2598,-2147483648,DFW02-VPP1-Management-Cluster
20,1590073079999,83468448,2591,-2147483648,DFW02-VPP1-Management-Cluster
21,1590073379999,83474472,2821,-2147483648,DFW02-VPP1-Management-Cluster
22,1590073679999,83482096,2507,-2147483648,DFW02-VPP1-Management-Cluster
23,1590073979999,83476080,2505,-2147483648,DFW02-VPP1-Management-Cluster
24,1590074279999,83468600,2838,-2147483648,DFW02-VPP1-Management-Cluster
25,1590074579999,83466352,2474,-2147483648,DFW02-VPP1-Management-Cluster
26,1590074879999,83464128,2498,-2147483648,DFW02-VPP1-Management-Cluster
27,1590075179999,83462496,2599,-2147483648,DFW02-VPP1-Management-Cluster
28,1590075479999,83453496,2550,-2147483648,DFW02-VPP1-Management-Cluster
29,1590075779999,83454424,2503,-2147483648,DFW02-VPP1-Management-Cluster
30,1590076079999,83454592,2874,-2147483648,DFW02-VPP1-Management-Cluster
31,1590076379999,83455872,2535,-2147483648,DFW02-VPP1-Management-Cluster
32,1590076679999,83456048,2697,-2147483648,DFW02-VPP1-Management-Cluster
33,1590076979999,83458752,2724,-2147483648,DFW02-VPP1-Management-Cluster
34,1590077279999,83467048,2628,-2147483648,DFW02-VPP1-Management-Cluster
35,1590077579999,83461360,2553,-2147483648,DFW02-VPP1-Management-Cluster
36,1590077879999,83459384,2755,-2147483648,DFW02-VPP1-Management-Cluster
37,1590078179999,83462512,2406,-2147483648,DFW02-VPP1-Management-Cluster
38,1590078479999,83463272,2694,-2147483648,DFW02-VPP1-Management-Cluster
39,1590078779999,83467240,2896,-2147483648,DFW02-VPP1-Management-Cluster
40,1590079079999,83465568,2578,-2147483648,DFW02-VPP1-Management-Cluster
41,1590079379999,83469248,2456,-2147483648,DFW02-VPP1-Management-Cluster
42,1590079679999,83468160,2585,-2147483648,DFW02-VPP1-Management-Cluster
43,1590079979999,83473432,2374,-2147483648,DFW02-VPP1-Management-Cluster
44,1590080279999,83473152,2453,-2147483648,DFW02-VPP1-Management-Cluster
45,1590080579999,83478344,2599,-2147483648,DFW02-VPP1-Management-Cluster
46,1590080879999,83475680,2628,-2147483648,DFW02-VPP1-Management-Cluster
47,1590081179999,83465344,2340,-2147483648,DFW02-VPP1-Management-Cluster
48,1590081479999,83463160,2635,-2147483648,DFW02-VPP1-Management-Cluster
49,1590081779999,83460016,2404,-2147483648,DFW02-VPP1-Management-Cluster
50,1590082079999,83452320,2513,-2147483648,DFW02-VPP1-Management-Cluster
51,1590082379999,83454184,2734,-2147483648,DFW02-VPP1-Management-Cluster
52,1590082679999,83452656,2285,-2147483648,DFW02-VPP1-Management-Cluster
53,1590082979999,83456816,2350,-2147483648,DFW02-VPP1-Management-Cluster
54,1590083279999,83456704,2480,-2147483648,DFW02-VPP1-Management-Cluster
55,1590083579999,83458032,2315,-2147483648,DFW02-VPP1-Management-Cluster
56,1590083879999,83457752,2709,-2147483648,DFW02-VPP1-Management-Cluster
57,1590084179999,83459656,2367,-2147483648,DFW02-VPP1-Management-Cluster
58,1590084479999,83466976,2631,-2147483648,DFW02-VPP1-Management-Cluster
59,1590084779999,83463000,2587,-2147483648,DFW02-VPP1-Management-Cluster
60,1590085079999,83462464,2681,-2147483648,DFW02-VPP1-Management-Cluster
61,1590085379999,83465456,2345,-2147483648,DFW02-VPP1-Management-Cluster
62,1590085679999,83465408,2388,-2147483648,DFW02-VPP1-Management-Cluster
63,1590085979999,83468840,2475,-2147483648,DFW02-VPP1-Management-Cluster
64,1590086279999,83468688,2635,-2147483648,DFW02-VPP1-Management-Cluster
65,1590086579999,83472600,2311,-2147483648,DFW02-VPP1-Management-Cluster
66,1590086879999,83475616,2445,-2147483648,DFW02-VPP1-Management-Cluster
67,1590087179999,83477992,2375,-2147483648,DFW02-VPP1-Management-Cluster
68,1590087479999,83466368,2460,-2147483648,DFW02-VPP1-Management-Cluster
69,1590087779999,83464600,2673,-2147483648,DFW02-VPP1-Management-Cluster
70,1590088079999,83471080,2429,-2147483648,DFW02-VPP1-Management-Cluster
71,1590088379999,83463272,2576,-2147483648,DFW02-VPP1-Management-Cluster
72,1590088679999,83451896,2458,-2147483648,DFW02-VPP1-Management-Cluster
73,1590088979999,83453224,2297,-2147483648,DFW02-VPP1-Management-Cluster
74,1590089279999,83454272,2420,-2147483648,DFW02-VPP1-Management-Cluster
75,1590089579999,83456088,2466,-2147483648,DFW02-VPP1-Management-Cluster
76,1590089879999,83455920,2666,-2147483648,DFW02-VPP1-Management-Cluster
77,1590090179999,83457752,2405,-2147483648,DFW02-VPP1-Management-Cluster
78,1590090479999,83458440,2409,-2147483648,DFW02-VPP1-Management-Cluster
79,1590090779999,83461344,2409,-2147483648,DFW02-VPP1-Management-Cluster
80,1590091079999,83458416,2402,-2147483648,DFW02-VPP1-Management-Cluster
81,1590091379999,83463648,2692,-2147483648,DFW02-VPP1-Management-Cluster
82,1590091679999,83468592,2536,-2147483648,DFW02-VPP1-Management-Cluster
83,1590091979999,83463968,2677,-2147483648,DFW02-VPP1-Management-Cluster
84,1590092279999,83465184,3237,-2147483648,DFW02-VPP1-Management-Cluster
85,1590092579999,83467256,2496,-2147483648,DFW02-VPP1-Management-Cluster
86,1590092879999,83469896,2524,-2147483648,DFW02-VPP1-Management-Cluster
87,1590093179999,83473656,2770,-2147483648,DFW02-VPP1-Management-Cluster
88,1590093479999,83471288,2682,-2147483648,DFW02-VPP1-Management-Cluster
89,1590093779999,83477768,2320,-2147483648,DFW02-VPP1-Management-Cluster
90,1590094079999,83471896,2548,-2147483648,DFW02-VPP1-Management-Cluster
91,1590094379999,83467048,2371,-2147483648,DFW02-VPP1-Management-Cluster
92,1590094679999,83466368,2668,-2147483648,DFW02-VPP1-Management-Cluster
93,1590094979999,83465376,2470,-2147483648,DFW02-VPP1-Management-Cluster
94,1590095279999,83463144,2615,-2147483648,DFW02-VPP1-Management-Cluster
95,1590095579999,83456096,2454,-2147483648,DFW02-VPP1-Management-Cluster
96,1590095879999,83455216,2367,-2147483648,DFW02-VPP1-Management-Cluster
97,1590096179999,83457000,2364,-2147483648,DFW02-VPP1-Management-Cluster
98,1590096479999,83458008,2462,-2147483648,DFW02-VPP1-Management-Cluster
99,1590096779999,83458608,2623,-2147483648,DFW02-VPP1-Management-Cluster
100,1590097079999,83457648,2361,-2147483648,DFW02-VPP1-Management-Cluster
101,1590097379999,83461472,2410,-2147483648,DFW02-VPP1-Management-Cluster
102,1590097679999,83461136,2551,-2147483648,DFW02-VPP1-Management-Cluster
103,1590097979999,83462552,2481,-2147483648,DFW02-VPP1-Management-Cluster
104,1590098279999,83462784,2537,-2147483648,DFW02-VPP1-Management-Cluster
105,1590098579999,83465296,2458,-2147483648,DFW02-VPP1-Management-Cluster
106,1590098879999,83474256,2506,-2147483648,DFW02-VPP1-Management-Cluster
107,1590099179999,83470648,2336,-2147483648,DFW02-VPP1-Management-Cluster
108,1590099479999,83469048,2607,-2147483648,DFW02-VPP1-Management-Cluster
109,1590099779999,83473504,2511,-2147483648,DFW02-VPP1-Management-Cluster
110,1590100079999,83473360,2521,-2147483648,DFW02-VPP1-Management-Cluster
111,1590100379999,83478576,2499,-2147483648,DFW02-VPP1-Management-Cluster
112,1590100679999,83469800,2417,-2147483648,DFW02-VPP1-Management-Cluster
113,1590100979999,83464672,2377,-2147483648,DFW02-VPP1-Management-Cluster
114,1590101279999,83466248,2317,-2147483648,DFW02-VPP1-Management-Cluster
115,1590101579999,83467552,2410,-2147483648,DFW02-VPP1-Management-Cluster
116,1590101879999,83454640,2462,-2147483648,DFW02-VPP1-Management-Cluster
117,1590102179999,83455352,2471,-2147483648,DFW02-VPP1-Management-Cluster
118,1590102479999,83460864,2285,-2147483648,DFW02-VPP1-Management-Cluster
119,1590102779999,83456576,2485,-2147483648,DFW02-VPP1-Management-Cluster
120,1590103079999,83457608,2484,-2147483648,DFW02-VPP1-Management-Cluster
121,1590103379999,83457960,2386,-2147483648,DFW02-VPP1-Management-Cluster
122,1590103679999,83458360,2469,-2147483648,DFW02-VPP1-Management-Cluster
123,1590103979999,83461000,2393,-2147483648,DFW02-VPP1-Management-Cluster
124,1590104279999,83460472,2229,-2147483648,DFW02-VPP1-Management-Cluster
125,1590104579999,83465448,2290,-2147483648,DFW02-VPP1-Management-Cluster
126,1590104879999,83464624,2640,-2147483648,DFW02-VPP1-Management-Cluster
127,1590105179999,83466336,2464,-2147483648,DFW02-VPP1-Management-Cluster
128,1590105479999,83464952,2418,-2147483648,DFW02-VPP1-Management-Cluster
129,1590105779999,83469896,2459,-2147483648,DFW02-VPP1-Management-Cluster
130,1590106079999,83475248,2864,-2147483648,DFW02-VPP1-Management-Cluster
131,1590106379999,83473448,2364,-2147483648,DFW02-VPP1-Management-Cluster
132,1590106679999,83474872,2379,-2147483648,DFW02-VPP1-Management-Cluster
133,1590106979999,83481176,2452,-2147483648,DFW02-VPP1-Management-Cluster
134,1590107279999,83470400,2739,-2147483648,DFW02-VPP1-Management-Cluster
135,1590107579999,83467264,2555,-2147483648,DFW02-VPP1-Management-Cluster
136,1590107879999,83464480,2260,-2147483648,DFW02-VPP1-Management-Cluster
137,1590108179999,83469056,2351,-2147483648,DFW02-VPP1-Management-Cluster
138,1590108479999,83454944,2855,-2147483648,DFW02-VPP1-Management-Cluster
139,1590108779999,83453200,2382,-2147483648,DFW02-VPP1-Management-Cluster
140,1590109079999,83463848,2511,-2147483648,DFW02-VPP1-Management-Cluster
141,1590109379999,83469920,2394,-2147483648,DFW02-VPP1-Management-Cluster
142,1590109679999,83476288,2217,-2147483648,DFW02-VPP1-Management-Cluster
143,1590109979999,83470336,2311,-2147483648,DFW02-VPP1-Management-Cluster
144,1590110279999,83470536,2508,-2147483648,DFW02-VPP1-Management-Cluster
145,1590110579999,83471944,2370,-2147483648,DFW02-VPP1-Management-Cluster
146,1590110879999,83473600,2366,-2147483648,DFW02-VPP1-Management-Cluster
147,1590111179999,83476152,2607,-2147483648,DFW02-VPP1-Management-Cluster
148,1590111479999,83474208,2535,-2147483648,DFW02-VPP1-Management-Cluster
149,1590111779999,83478176,2698,-2147483648,DFW02-VPP1-Management-Cluster
150,1590112079999,83477584,3028,-2147483648,DFW02-VPP1-Management-Cluster
151,1590112379999,83481776,2477,-2147483648,DFW02-VPP1-Management-Cluster
152,1590112679999,83481112,2277,-2147483648,DFW02-VPP1-Management-Cluster
153,1590112979999,83485880,2563,-2147483648,DFW02-VPP1-Management-Cluster
154,1590113279999,83492240,2349,-2147483648,DFW02-VPP1-Management-Cluster
155,1590113579999,83489880,2501,-2147483648,DFW02-VPP1-Management-Cluster
156,1590113879999,83482328,2825,-2147483648,DFW02-VPP1-Management-Cluster
157,1590114179999,83476136,2319,-2147483648,DFW02-VPP1-Management-Cluster
158,1590114479999,83477672,2447,-2147483648,DFW02-VPP1-Management-Cluster
159,1590114779999,83479832,2619,-2147483648,DFW02-VPP1-Management-Cluster
160,1590115079999,83468872,2450,-2147483648,DFW02-VPP1-Management-Cluster
161,1590115379999,83466312,2329,-2147483648,DFW02-VPP1-Management-Cluster
162,1590115679999,83466528,2384,-2147483648,DFW02-VPP1-Management-Cluster
163,1590115979999,83468432,2369,-2147483648,DFW02-VPP1-Management-Cluster
164,1590116279999,83469304,2360,-2147483648,DFW02-VPP1-Management-Cluster
165,1590116579999,83471616,2649,-2147483648,DFW02-VPP1-Management-Cluster
166,1590116879999,83479656,2311,-2147483648,DFW02-VPP1-Management-Cluster
167,1590117179999,83473280,2255,-2147483648,DFW02-VPP1-Management-Cluster
168,1590117479999,83472776,2733,-2147483648,DFW02-VPP1-Management-Cluster
169,1590117779999,83477080,2413,-2147483648,DFW02-VPP1-Management-Cluster
170,1590118079999,83476672,2600,-2147483648,DFW02-VPP1-Management-Cluster
171,1590118379999,83479680,2822,-2147483648,DFW02-VPP1-Management-Cluster
172,1590118679999,83478232,2181,-2147483648,DFW02-VPP1-Management-Cluster
173,1590118979999,83483120,2392,-2147483648,DFW02-VPP1-Management-Cluster
174,1590119279999,83481592,2611,-2147483648,DFW02-VPP1-Management-Cluster
175,1590119579999,83486424,2330,-2147483648,DFW02-VPP1-Management-Cluster
176,1590119879999,83485688,2304,-2147483648,DFW02-VPP1-Management-Cluster
177,1590120179999,83490288,2490,-2147483648,DFW02-VPP1-Management-Cluster
178,1590120479999,83489312,2498,-2147483648,DFW02-VPP1-Management-Cluster
179,1590120779999,83479032,2481,-2147483648,DFW02-VPP1-Management-Cluster
180,1590121079999,83477504,2765,-2147483648,DFW02-VPP1-Management-Cluster
181,1590121379999,83478416,2416,-2147483648,DFW02-VPP1-Management-Cluster
182,1590121679999,83468344,2342,-2147483648,DFW02-VPP1-Management-Cluster
183,1590121979999,83467176,2890,-2147483648,DFW02-VPP1-Management-Cluster
184,1590122279999,83464880,2434,-2147483648,DFW02-VPP1-Management-Cluster
185,1590122579999,83467344,2645,-2147483648,DFW02-VPP1-Management-Cluster
186,1590122879999,83467672,2420,-2147483648,DFW02-VPP1-Management-Cluster
187,1590123179999,83468864,2349,-2147483648,DFW02-VPP1-Management-Cluster
188,1590123479999,83471352,2557,-2147483648,DFW02-VPP1-Management-Cluster
189,1590123779999,83472352,2633,-2147483648,DFW02-VPP1-Management-Cluster
190,1590124079999,83480904,2477,-2147483648,DFW02-VPP1-Management-Cluster
191,1590124379999,83475936,2439,-2147483648,DFW02-VPP1-Management-Cluster
192,1590124679999,83475520,2463,-2147483648,DFW02-VPP1-Management-Cluster
193,1590124979999,83479280,2663,-2147483648,DFW02-VPP1-Management-Cluster
194,1590125279999,83479688,2434,-2147483648,DFW02-VPP1-Management-Cluster
195,1590125579999,83482824,2495,-2147483648,DFW02-VPP1-Management-Cluster
196,1590125879999,83480584,2303,-2147483648,DFW02-VPP1-Management-Cluster
197,1590126179999,83488424,2267,-2147483648,DFW02-VPP1-Management-Cluster
198,1590126479999,83487128,2802,-2147483648,DFW02-VPP1-Management-Cluster
199,1590126779999,83490448,2463,-2147483648,DFW02-VPP1-Management-Cluster
200,1590127079999,83483048,2443,-2147483648,DFW02-VPP1-Management-Cluster
201,1590127379999,83479560,2564,-2147483648,DFW02-VPP1-Management-Cluster
202,1590127679999,83486416,2205,-2147483648,DFW02-VPP1-Management-Cluster
203,1590127979999,83482136,2318,-2147483648,DFW02-VPP1-Management-Cluster
204,1590128279999,83474080,2585,-2147483648,DFW02-VPP1-Management-Cluster
205,1590128579999,83467168,2271,-2147483648,DFW02-VPP1-Management-Cluster
206,1590128879999,83466664,3554,-2147483648,DFW02-VPP1-Management-Cluster
207,1590129179999,83469336,2557,-2147483648,DFW02-VPP1-Management-Cluster
208,1590129479999,83467768,2486,-2147483648,DFW02-VPP1-Management-Cluster
209,1590129779999,83469824,2465,-2147483648,DFW02-VPP1-Management-Cluster
210,1590130079999,83470256,2410,-2147483648,DFW02-VPP1-Management-Cluster
211,1590130379999,83471976,2367,-2147483648,DFW02-VPP1-Management-Cluster
212,1590130679999,83472960,2350,-2147483648,DFW02-VPP1-Management-Cluster
213,1590130979999,83474792,2600,-2147483648,DFW02-VPP1-Management-Cluster
214,1590131279999,83480752,2341,-2147483648,DFW02-VPP1-Management-Cluster
215,1590131579999,83477824,2285,-2147483648,DFW02-VPP1-Management-Cluster
216,1590131879999,83478584,2787,-2147483648,DFW02-VPP1-Management-Cluster
217,1590132179999,83478320,2496,-2147483648,DFW02-VPP1-Management-Cluster
218,1590132479999,83480552,2484,-2147483648,DFW02-VPP1-Management-Cluster
219,1590132779999,83484568,2664,-2147483648,DFW02-VPP1-Management-Cluster
220,1590133079999,83483280,2211,-2147483648,DFW02-VPP1-Management-Cluster
221,1590133379999,83489944,2261,-2147483648,DFW02-VPP1-Management-Cluster
222,1590133679999,83480280,2314,-2147483648,DFW02-VPP1-Management-Cluster
223,1590133979999,83476872,2298,-2147483648,DFW02-VPP1-Management-Cluster
224,1590134279999,83476072,2494,-2147483648,DFW02-VPP1-Management-Cluster
225,1590134579999,83480000,2739,-2147483648,DFW02-VPP1-Management-Cluster
226,1590134879999,83482600,2325,-2147483648,DFW02-VPP1-Management-Cluster
227,1590135179999,83464880,2536,-2147483648,DFW02-VPP1-Management-Cluster
228,1590135479999,83468824,2857,-2147483648,DFW02-VPP1-Management-Cluster
229,1590135779999,83466856,2377,-2147483648,DFW02-VPP1-Management-Cluster
230,1590136079999,83468272,2313,-2147483648,DFW02-VPP1-Management-Cluster
231,1590136379999,83471336,2850,-2147483648,DFW02-VPP1-Management-Cluster
232,1590136679999,83471048,2379,-2147483648,DFW02-VPP1-Management-Cluster
233,1590136979999,83473728,2462,-2147483648,DFW02-VPP1-Management-Cluster
234,1590137279999,83473576,2762,-2147483648,DFW02-VPP1-Management-Cluster
235,1590137579999,83473728,2334,-2147483648,DFW02-VPP1-Management-Cluster
236,1590137879999,83474768,2344,-2147483648,DFW02-VPP1-Management-Cluster
237,1590138179999,83479040,2412,-2147483648,DFW02-VPP1-Management-Cluster
238,1590138479999,83483112,2287,-2147483648,DFW02-VPP1-Management-Cluster
239,1590138779999,83482752,2391,-2147483648,DFW02-VPP1-Management-Cluster
240,1590139079999,83480680,2530,-2147483648,DFW02-VPP1-Management-Cluster
241,1590139379999,83484848,2353,-2147483648,DFW02-VPP1-Management-Cluster
242,1590139679999,83485768,2478,-2147483648,DFW02-VPP1-Management-Cluster
243,1590139979999,83489672,2626,-2147483648,DFW02-VPP1-Management-Cluster
244,1590140279999,83479808,2512,-2147483648,DFW02-VPP1-Management-Cluster
245,1590140579999,83476008,2395,-2147483648,DFW02-VPP1-Management-Cluster
246,1590140879999,83477768,2266,-2147483648,DFW02-VPP1-Management-Cluster
247,1590141179999,83479416,2363,-2147483648,DFW02-VPP1-Management-Cluster
248,1590141479999,83478192,2318,-2147483648,DFW02-VPP1-Management-Cluster
249,1590141779999,83466744,2721,-2147483648,DFW02-VPP1-Management-Cluster
250,1590142079999,83475448,2553,-2147483648,DFW02-VPP1-Management-Cluster
251,1590142379999,83466816,2371,-2147483648,DFW02-VPP1-Management-Cluster
252,1590142679999,83469800,2510,-2147483648,DFW02-VPP1-Management-Cluster
253,1590142979999,83469856,2364,-2147483648,DFW02-VPP1-Management-Cluster
254,1590143279999,83471808,2274,-2147483648,DFW02-VPP1-Management-Cluster
255,1590143579999,83472864,2606,-2147483648,DFW02-VPP1-Management-Cluster
256,1590143879999,83472680,2212,-2147483648,DFW02-VPP1-Management-Cluster
257,1590144179999,83475216,2330,-2147483648,DFW02-VPP1-Management-Cluster
258,1590144479999,83476336,2570,-2147483648,DFW02-VPP1-Management-Cluster
259,1590144779999,83477240,2386,-2147483648,DFW02-VPP1-Management-Cluster
260,1590145079999,83479736,2312,-2147483648,DFW02-VPP1-Management-Cluster
261,1590145379999,83479328,2725,-2147483648,DFW02-VPP1-Management-Cluster
262,1590145679999,83490576,2289,-2147483648,DFW02-VPP1-Management-Cluster
263,1590145979999,83483848,2459,-2147483648,DFW02-VPP1-Management-Cluster
264,1590146279999,83487560,2519,-2147483648,DFW02-VPP1-Management-Cluster
265,1590146579999,83488152,2314,-2147483648,DFW02-VPP1-Management-Cluster
266,1590146879999,83486592,2267,-2147483648,DFW02-VPP1-Management-Cluster
267,1590147179999,83477472,2675,-2147483648,DFW02-VPP1-Management-Cluster
268,1590147479999,83476808,2475,-2147483648,DFW02-VPP1-Management-Cluster
269,1590147779999,83480080,2568,-2147483648,DFW02-VPP1-Management-Cluster
270,1590148079999,83480456,2541,-2147483648,DFW02-VPP1-Management-Cluster
271,1590148379999,83466640,2262,-2147483648,DFW02-VPP1-Management-Cluster
272,1590148679999,83467112,2258,-2147483648,DFW02-VPP1-Management-Cluster
273,1590148979999,83469016,2750,-2147483648,DFW02-VPP1-Management-Cluster
274,1590149279999,83475752,2351,-2147483648,DFW02-VPP1-Management-Cluster
275,1590149579999,83470872,2500,-2147483648,DFW02-VPP1-Management-Cluster
276,1590149879999,83472720,2721,-2147483648,DFW02-VPP1-Management-Cluster
277,1590150179999,83473488,2403,-2147483648,DFW02-VPP1-Management-Cluster
278,1590150479999,83474120,2298,-2147483648,DFW02-VPP1-Management-Cluster
279,1590150779999,83475848,2952,-2147483648,DFW02-VPP1-Management-Cluster
280,1590151079999,83478120,2442,-2147483648,DFW02-VPP1-Management-Cluster
281,1590151379999,83477920,2370,-2147483648,DFW02-VPP1-Management-Cluster
282,1590151679999,83479280,2510,-2147483648,DFW02-VPP1-Management-Cluster
283,1590151979999,83481976,2397,-2147483648,DFW02-VPP1-Management-Cluster
284,1590152279999,83483624,2405,-2147483648,DFW02-VPP1-Management-Cluster
285,1590152579999,83485664,2897,-2147483648,DFW02-VPP1-Management-Cluster
286,1590152879999,83492544,2478,-2147483648,DFW02-VPP1-Management-Cluster
287,1590153179999,83488864,2621,-2147483648,DFW02-VPP1-Management-Cluster
