,timestamps,mem,cpu,disk,clustername
0,1590067139999,827844000,120463,-2147483648,DFW01-VPP1-Miscellaneous-Cluster
1,1590067439999,827144384,118714,-2147483648,DFW01-VPP1-Miscellaneous-Cluster
2,1590067739999,826323296,122460,-2147483648,DFW01-VPP1-Miscellaneous-Cluster
3,1590068039999,826016810,117638,-2147483648,DFW01-VPP1-Miscellaneous-Cluster
4,1590068339999,825999392,112215,-2147483648,DFW01-VPP1-Miscellaneous-Cluster
5,1590068639999,826010112,113252,-2147483648,DFW01-VPP1-Miscellaneous-Cluster
6,1590068939999,826039744,123789,-2147483648,DFW01-VPP1-Miscellaneous-Cluster
7,1590069239999,826000170,121605,-2147483648,DFW01-VPP1-Miscellaneous-Cluster
8,1590069539999,825914016,116893,-2147483648,DFW01-VPP1-Miscellaneous-Cluster
9,1590069839999,825904106,120865,-2147483648,DFW01-VPP1-Miscellaneous-Cluster
10,1590070139999,826000608,128897,-2147483648,DFW01-VPP1-Miscellaneous-Cluster
11,1590070439999,826036672,127110,-2147483648,DFW01-VPP1-Miscellaneous-Cluster
12,1590070739999,826083072,125216,-2147483648,DFW01-VPP1-Miscellaneous-Cluster
13,1590071039999,826146368,127662,-2147483648,DFW01-VPP1-Miscellaneous-Cluster
14,1590071339999,826255328,130319,-2147483648,DFW01-VPP1-Miscellaneous-Cluster
15,1590071639999,826365589,130853,-2147483648,DFW01-VPP1-Miscellaneous-Cluster
16,1590071939999,826486944,130641,-2147483648,DFW01-VPP1-Miscellaneous-Cluster
17,1590072239999,826515754,130023,-2147483648,DFW01-VPP1-Miscellaneous-Cluster
18,1590072539999,826524000,133396,-2147483648,DFW01-VPP1-Miscellaneous-Cluster
19,1590072839999,826530901,148694,-2147483648,DFW01-VPP1-Miscellaneous-Cluster
20,1590073139999,826512128,127289,-2147483648,DFW01-VPP1-Miscellaneous-Cluster
21,1590073439999,826502080,125248,-2147483648,DFW01-VPP1-Miscellaneous-Cluster
22,1590073739999,826514560,129799,-2147483648,DFW01-VPP1-Miscellaneous-Cluster
23,1590074039999,826647786,125252,-2147483648,DFW01-VPP1-Miscellaneous-Cluster
24,1590074339999,830951584,117649,-2147483648,DFW01-VPP1-Miscellaneous-Cluster
25,1590074639999,832619669,119213,-2147483648,DFW01-VPP1-Miscellaneous-Cluster
26,1590074939999,831574688,124054,-2147483648,DFW01-VPP1-Miscellaneous-Cluster
27,1590075239999,830422698,121609,-2147483648,DFW01-VPP1-Miscellaneous-Cluster
28,1590075539999,829181568,121213,-2147483648,DFW01-VPP1-Miscellaneous-Cluster
29,1590075839999,827978026,121981,-2147483648,DFW01-VPP1-Miscellaneous-Cluster
30,1590076139999,826853792,125031,-2147483648,DFW01-VPP1-Miscellaneous-Cluster
31,1590076439999,826404714,125596,-2147483648,DFW01-VPP1-Miscellaneous-Cluster
32,1590076739999,826411552,123673,-2147483648,DFW01-VPP1-Miscellaneous-Cluster
33,1590077039999,837806848,126019,-2147483648,DFW01-VPP1-Miscellaneous-Cluster
34,1590077339999,842022848,124219,-2147483648,DFW01-VPP1-Miscellaneous-Cluster
35,1590077639999,840092650,118828,-2147483648,DFW01-VPP1-Miscellaneous-Cluster
36,1590077939999,837559712,115802,-2147483648,DFW01-VPP1-Miscellaneous-Cluster
37,1590078239999,834379818,121933,-2147483648,DFW01-VPP1-Miscellaneous-Cluster
38,1590078539999,832116384,126204,-2147483648,DFW01-VPP1-Miscellaneous-Cluster
39,1590078839999,831066944,124311,-2147483648,DFW01-VPP1-Miscellaneous-Cluster
40,1590079139999,842247392,121693,-2147483648,DFW01-VPP1-Miscellaneous-Cluster
41,1590079439999,847722560,119961,-2147483648,DFW01-VPP1-Miscellaneous-Cluster
42,1590079739999,843232128,123632,-2147483648,DFW01-VPP1-Miscellaneous-Cluster
43,1590080039999,837770794,122106,-2147483648,DFW01-VPP1-Miscellaneous-Cluster
44,1590080339999,832177248,116364,-2147483648,DFW01-VPP1-Miscellaneous-Cluster
45,1590080639999,829308544,118676,-2147483648,DFW01-VPP1-Miscellaneous-Cluster
46,1590080939999,828290016,127763,-2147483648,DFW01-VPP1-Miscellaneous-Cluster
47,1590081239999,828012416,123646,-2147483648,DFW01-VPP1-Miscellaneous-Cluster
48,1590081539999,827713472,118848,-2147483648,DFW01-VPP1-Miscellaneous-Cluster
49,1590081839999,827386197,121617,-2147483648,DFW01-VPP1-Miscellaneous-Cluster
50,1590082139999,827116288,125139,-2147483648,DFW01-VPP1-Miscellaneous-Cluster
51,1590082439999,826882730,121232,-2147483648,DFW01-VPP1-Miscellaneous-Cluster
52,1590082739999,826614368,118592,-2147483648,DFW01-VPP1-Miscellaneous-Cluster
53,1590083039999,826552597,119948,-2147483648,DFW01-VPP1-Miscellaneous-Cluster
54,1590083339999,826524896,123784,-2147483648,DFW01-VPP1-Miscellaneous-Cluster
55,1590083639999,826505898,125235,-2147483648,DFW01-VPP1-Miscellaneous-Cluster
56,1590083939999,826557088,118150,-2147483648,DFW01-VPP1-Miscellaneous-Cluster
57,1590084239999,826529770,120949,-2147483648,DFW01-VPP1-Miscellaneous-Cluster
58,1590084539999,826562624,123898,-2147483648,DFW01-VPP1-Miscellaneous-Cluster
59,1590084839999,826591125,123967,-2147483648,DFW01-VPP1-Miscellaneous-Cluster
60,1590085139999,826637216,115528,-2147483648,DFW01-VPP1-Miscellaneous-Cluster
61,1590085439999,826736981,119251,-2147483648,DFW01-VPP1-Miscellaneous-Cluster
62,1590085739999,826809536,121833,-2147483648,DFW01-VPP1-Miscellaneous-Cluster
63,1590086039999,826910976,121437,-2147483648,DFW01-VPP1-Miscellaneous-Cluster
64,1590086339999,826926368,119581,-2147483648,DFW01-VPP1-Miscellaneous-Cluster
65,1590086639999,827009621,121386,-2147483648,DFW01-VPP1-Miscellaneous-Cluster
66,1590086939999,827228672,122104,-2147483648,DFW01-VPP1-Miscellaneous-Cluster
67,1590087239999,827249600,120443,-2147483648,DFW01-VPP1-Miscellaneous-Cluster
68,1590087539999,827221152,114660,-2147483648,DFW01-VPP1-Miscellaneous-Cluster
69,1590087839999,827188352,119488,-2147483648,DFW01-VPP1-Miscellaneous-Cluster
70,1590088139999,827161056,127558,-2147483648,DFW01-VPP1-Miscellaneous-Cluster
71,1590088439999,827159658,124914,-2147483648,DFW01-VPP1-Miscellaneous-Cluster
72,1590088739999,827134272,121457,-2147483648,DFW01-VPP1-Miscellaneous-Cluster
73,1590089039999,827107925,117489,-2147483648,DFW01-VPP1-Miscellaneous-Cluster
74,1590089339999,827096416,118660,-2147483648,DFW01-VPP1-Miscellaneous-Cluster
75,1590089639999,836737301,119437,-2147483648,DFW01-VPP1-Miscellaneous-Cluster
76,1590089939999,839995712,115093,-2147483648,DFW01-VPP1-Miscellaneous-Cluster
77,1590090239999,839081408,119156,-2147483648,DFW01-VPP1-Miscellaneous-Cluster
78,1590090539999,837740160,124581,-2147483648,DFW01-VPP1-Miscellaneous-Cluster
79,1590090839999,835402282,123941,-2147483648,DFW01-VPP1-Miscellaneous-Cluster
80,1590091139999,833402432,122098,-2147483648,DFW01-VPP1-Miscellaneous-Cluster
81,1590091439999,831771157,122865,-2147483648,DFW01-VPP1-Miscellaneous-Cluster
82,1590091739999,830496928,126737,-2147483648,DFW01-VPP1-Miscellaneous-Cluster
83,1590092039999,829248682,118626,-2147483648,DFW01-VPP1-Miscellaneous-Cluster
84,1590092339999,828350336,116583,-2147483648,DFW01-VPP1-Miscellaneous-Cluster
85,1590092639999,827818645,122733,-2147483648,DFW01-VPP1-Miscellaneous-Cluster
86,1590092939999,827525952,127804,-2147483648,DFW01-VPP1-Miscellaneous-Cluster
87,1590093239999,827528917,125648,-2147483648,DFW01-VPP1-Miscellaneous-Cluster
88,1590093539999,827593344,119537,-2147483648,DFW01-VPP1-Miscellaneous-Cluster
89,1590093839999,827516928,122592,-2147483648,DFW01-VPP1-Miscellaneous-Cluster
90,1590094139999,827548288,121323,-2147483648,DFW01-VPP1-Miscellaneous-Cluster
91,1590094439999,827601984,122369,-2147483648,DFW01-VPP1-Miscellaneous-Cluster
92,1590094739999,827550720,117823,-2147483648,DFW01-VPP1-Miscellaneous-Cluster
93,1590095039999,827495552,121491,-2147483648,DFW01-VPP1-Miscellaneous-Cluster
94,1590095339999,827456928,128341,-2147483648,DFW01-VPP1-Miscellaneous-Cluster
95,1590095639999,856261589,127925,-2147483648,DFW01-VPP1-Miscellaneous-Cluster
96,1590095939999,879129152,128897,-2147483648,DFW01-VPP1-Miscellaneous-Cluster
97,1590096239999,873402773,125494,-2147483648,DFW01-VPP1-Miscellaneous-Cluster
98,1590096539999,865859584,125716,-2147483648,DFW01-VPP1-Miscellaneous-Cluster
99,1590096839999,857387968,125226,-2147483648,DFW01-VPP1-Miscellaneous-Cluster
100,1590097139999,850783616,121777,-2147483648,DFW01-VPP1-Miscellaneous-Cluster
101,1590097439999,846115093,124999,-2147483648,DFW01-VPP1-Miscellaneous-Cluster
102,1590097739999,841709312,130885,-2147483648,DFW01-VPP1-Miscellaneous-Cluster
103,1590098039999,843844586,130374,-2147483648,DFW01-VPP1-Miscellaneous-Cluster
104,1590098339999,843204864,127156,-2147483648,DFW01-VPP1-Miscellaneous-Cluster
105,1590098639999,840719402,127310,-2147483648,DFW01-VPP1-Miscellaneous-Cluster
106,1590098939999,838582528,126406,-2147483648,DFW01-VPP1-Miscellaneous-Cluster
107,1590099239999,841620181,126608,-2147483648,DFW01-VPP1-Miscellaneous-Cluster
108,1590099539999,842803648,120921,-2147483648,DFW01-VPP1-Miscellaneous-Cluster
109,1590099839999,840508202,122823,-2147483648,DFW01-VPP1-Miscellaneous-Cluster
110,1590100139999,838256320,127408,-2147483648,DFW01-VPP1-Miscellaneous-Cluster
111,1590100439999,836045205,125836,-2147483648,DFW01-VPP1-Miscellaneous-Cluster
112,1590100739999,833794240,123754,-2147483648,DFW01-VPP1-Miscellaneous-Cluster
113,1590101039999,832078250,123765,-2147483648,DFW01-VPP1-Miscellaneous-Cluster
114,1590101339999,830941600,127137,-2147483648,DFW01-VPP1-Miscellaneous-Cluster
115,1590101639999,832702378,124415,-2147483648,DFW01-VPP1-Miscellaneous-Cluster
116,1590101939999,832574880,121302,-2147483648,DFW01-VPP1-Miscellaneous-Cluster
117,1590102239999,831463488,125232,-2147483648,DFW01-VPP1-Miscellaneous-Cluster
118,1590102539999,830373248,131922,-2147483648,DFW01-VPP1-Miscellaneous-Cluster
119,1590102839999,829415893,126453,-2147483648,DFW01-VPP1-Miscellaneous-Cluster
120,1590103139999,828518592,122492,-2147483648,DFW01-VPP1-Miscellaneous-Cluster
121,1590103439999,828207296,123552,-2147483648,DFW01-VPP1-Miscellaneous-Cluster
122,1590103739999,828223648,129705,-2147483648,DFW01-VPP1-Miscellaneous-Cluster
123,1590104039999,828245269,126915,-2147483648,DFW01-VPP1-Miscellaneous-Cluster
124,1590104339999,828154848,123235,-2147483648,DFW01-VPP1-Miscellaneous-Cluster
125,1590104639999,827957312,127659,-2147483648,DFW01-VPP1-Miscellaneous-Cluster
126,1590104939999,827930080,132278,-2147483648,DFW01-VPP1-Miscellaneous-Cluster
127,1590105239999,827944384,132447,-2147483648,DFW01-VPP1-Miscellaneous-Cluster
128,1590105539999,827894848,129180,-2147483648,DFW01-VPP1-Miscellaneous-Cluster
129,1590105839999,827929045,127876,-2147483648,DFW01-VPP1-Miscellaneous-Cluster
130,1590106139999,830058560,134300,-2147483648,DFW01-VPP1-Miscellaneous-Cluster
131,1590106439999,834024448,128764,-2147483648,DFW01-VPP1-Miscellaneous-Cluster
132,1590106739999,836890144,122777,-2147483648,DFW01-VPP1-Miscellaneous-Cluster
133,1590107039999,835819370,126401,-2147483648,DFW01-VPP1-Miscellaneous-Cluster
134,1590107339999,834186112,129966,-2147483648,DFW01-VPP1-Miscellaneous-Cluster
135,1590107639999,833364352,130198,-2147483648,DFW01-VPP1-Miscellaneous-Cluster
136,1590107939999,831380512,125313,-2147483648,DFW01-VPP1-Miscellaneous-Cluster
137,1590108239999,829978922,125457,-2147483648,DFW01-VPP1-Miscellaneous-Cluster
138,1590108539999,831274976,127186,-2147483648,DFW01-VPP1-Miscellaneous-Cluster
139,1590108839999,831998272,127641,-2147483648,DFW01-VPP1-Miscellaneous-Cluster
140,1590109139999,831757280,123225,-2147483648,DFW01-VPP1-Miscellaneous-Cluster
141,1590109439999,829636416,125737,-2147483648,DFW01-VPP1-Miscellaneous-Cluster
142,1590109739999,829018432,131068,-2147483648,DFW01-VPP1-Miscellaneous-Cluster
143,1590110039999,829218346,130396,-2147483648,DFW01-VPP1-Miscellaneous-Cluster
144,1590110339999,827622496,123215,-2147483648,DFW01-VPP1-Miscellaneous-Cluster
145,1590110639999,828831338,125080,-2147483648,DFW01-VPP1-Miscellaneous-Cluster
146,1590110939999,829501888,127010,-2147483648,DFW01-VPP1-Miscellaneous-Cluster
147,1590111239999,828371456,125427,-2147483648,DFW01-VPP1-Miscellaneous-Cluster
148,1590111539999,828112032,122598,-2147483648,DFW01-VPP1-Miscellaneous-Cluster
149,1590111839999,828100117,121783,-2147483648,DFW01-VPP1-Miscellaneous-Cluster
150,1590112139999,828114112,124357,-2147483648,DFW01-VPP1-Miscellaneous-Cluster
151,1590112439999,828133013,125688,-2147483648,DFW01-VPP1-Miscellaneous-Cluster
152,1590112739999,828198880,121263,-2147483648,DFW01-VPP1-Miscellaneous-Cluster
153,1590113039999,828213056,124607,-2147483648,DFW01-VPP1-Miscellaneous-Cluster
154,1590113339999,828271424,125923,-2147483648,DFW01-VPP1-Miscellaneous-Cluster
155,1590113639999,828368042,120938,-2147483648,DFW01-VPP1-Miscellaneous-Cluster
156,1590113939999,828399200,120588,-2147483648,DFW01-VPP1-Miscellaneous-Cluster
157,1590114239999,828438122,121321,-2147483648,DFW01-VPP1-Miscellaneous-Cluster
158,1590114539999,828457536,127633,-2147483648,DFW01-VPP1-Miscellaneous-Cluster
159,1590114839999,828976554,128467,-2147483648,DFW01-VPP1-Miscellaneous-Cluster
160,1590115139999,840619904,122866,-2147483648,DFW01-VPP1-Miscellaneous-Cluster
161,1590115439999,845631402,124799,-2147483648,DFW01-VPP1-Miscellaneous-Cluster
162,1590115739999,844535648,129949,-2147483648,DFW01-VPP1-Miscellaneous-Cluster
163,1590116039999,842757376,124640,-2147483648,DFW01-VPP1-Miscellaneous-Cluster
164,1590116339999,840288608,120117,-2147483648,DFW01-VPP1-Miscellaneous-Cluster
165,1590116639999,838348714,123367,-2147483648,DFW01-VPP1-Miscellaneous-Cluster
166,1590116939999,836991648,131552,-2147483648,DFW01-VPP1-Miscellaneous-Cluster
167,1590117239999,834344234,128115,-2147483648,DFW01-VPP1-Miscellaneous-Cluster
168,1590117539999,840566176,126779,-2147483648,DFW01-VPP1-Miscellaneous-Cluster
169,1590117839999,841755968,129059,-2147483648,DFW01-VPP1-Miscellaneous-Cluster
170,1590118139999,845171488,128352,-2147483648,DFW01-VPP1-Miscellaneous-Cluster
171,1590118439999,844856896,124835,-2147483648,DFW01-VPP1-Miscellaneous-Cluster
172,1590118739999,841304736,121663,-2147483648,DFW01-VPP1-Miscellaneous-Cluster
173,1590119039999,837224128,122873,-2147483648,DFW01-VPP1-Miscellaneous-Cluster
174,1590119339999,833259456,128920,-2147483648,DFW01-VPP1-Miscellaneous-Cluster
175,1590119639999,830825600,127673,-2147483648,DFW01-VPP1-Miscellaneous-Cluster
176,1590119939999,829715968,121725,-2147483648,DFW01-VPP1-Miscellaneous-Cluster
177,1590120239999,829433429,124838,-2147483648,DFW01-VPP1-Miscellaneous-Cluster
178,1590120539999,829330912,126682,-2147483648,DFW01-VPP1-Miscellaneous-Cluster
179,1590120839999,829009130,122118,-2147483648,DFW01-VPP1-Miscellaneous-Cluster
180,1590121139999,828927648,116339,-2147483648,DFW01-VPP1-Miscellaneous-Cluster
181,1590121439999,829078528,119869,-2147483648,DFW01-VPP1-Miscellaneous-Cluster
182,1590121739999,829365376,125663,-2147483648,DFW01-VPP1-Miscellaneous-Cluster
183,1590122039999,829748010,129092,-2147483648,DFW01-VPP1-Miscellaneous-Cluster
184,1590122339999,842680576,126977,-2147483648,DFW01-VPP1-Miscellaneous-Cluster
185,1590122639999,849039722,124633,-2147483648,DFW01-VPP1-Miscellaneous-Cluster
186,1590122939999,845023616,128383,-2147483648,DFW01-VPP1-Miscellaneous-Cluster
187,1590123239999,839296213,124331,-2147483648,DFW01-VPP1-Miscellaneous-Cluster
188,1590123539999,833795136,119791,-2147483648,DFW01-VPP1-Miscellaneous-Cluster
189,1590123839999,830884842,123590,-2147483648,DFW01-VPP1-Miscellaneous-Cluster
190,1590124139999,830258560,129428,-2147483648,DFW01-VPP1-Miscellaneous-Cluster
191,1590124439999,830520448,125614,-2147483648,DFW01-VPP1-Miscellaneous-Cluster
192,1590124739999,834919104,123247,-2147483648,DFW01-VPP1-Miscellaneous-Cluster
193,1590125039999,835822656,123267,-2147483648,DFW01-VPP1-Miscellaneous-Cluster
194,1590125339999,833898208,124969,-2147483648,DFW01-VPP1-Miscellaneous-Cluster
195,1590125639999,831735914,123309,-2147483648,DFW01-VPP1-Miscellaneous-Cluster
196,1590125939999,829735008,120525,-2147483648,DFW01-VPP1-Miscellaneous-Cluster
197,1590126239999,829313749,124464,-2147483648,DFW01-VPP1-Miscellaneous-Cluster
198,1590126539999,829221312,127136,-2147483648,DFW01-VPP1-Miscellaneous-Cluster
199,1590126839999,829076160,127573,-2147483648,DFW01-VPP1-Miscellaneous-Cluster
200,1590127139999,829055808,120714,-2147483648,DFW01-VPP1-Miscellaneous-Cluster
201,1590127439999,829021824,127023,-2147483648,DFW01-VPP1-Miscellaneous-Cluster
202,1590127739999,828982528,124863,-2147483648,DFW01-VPP1-Miscellaneous-Cluster
203,1590128039999,828865066,123703,-2147483648,DFW01-VPP1-Miscellaneous-Cluster
204,1590128339999,828903776,119250,-2147483648,DFW01-VPP1-Miscellaneous-Cluster
205,1590128639999,828999744,124778,-2147483648,DFW01-VPP1-Miscellaneous-Cluster
206,1590128939999,829154720,128998,-2147483648,DFW01-VPP1-Miscellaneous-Cluster
207,1590129239999,831221461,126582,-2147483648,DFW01-VPP1-Miscellaneous-Cluster
208,1590129539999,863421856,125477,-2147483648,DFW01-VPP1-Miscellaneous-Cluster
209,1590129839999,874341525,122014,-2147483648,DFW01-VPP1-Miscellaneous-Cluster
210,1590130139999,868257056,125556,-2147483648,DFW01-VPP1-Miscellaneous-Cluster
211,1590130439999,860295765,125160,-2147483648,DFW01-VPP1-Miscellaneous-Cluster
212,1590130739999,851029120,118822,-2147483648,DFW01-VPP1-Miscellaneous-Cluster
213,1590131039999,843374656,123142,-2147483648,DFW01-VPP1-Miscellaneous-Cluster
214,1590131339999,838149824,130486,-2147483648,DFW01-VPP1-Miscellaneous-Cluster
215,1590131639999,835130261,129837,-2147483648,DFW01-VPP1-Miscellaneous-Cluster
216,1590131939999,833476384,131002,-2147483648,DFW01-VPP1-Miscellaneous-Cluster
217,1590132239999,831257813,128793,-2147483648,DFW01-VPP1-Miscellaneous-Cluster
218,1590132539999,848953056,127374,-2147483648,DFW01-VPP1-Miscellaneous-Cluster
219,1590132839999,859678613,123164,-2147483648,DFW01-VPP1-Miscellaneous-Cluster
220,1590133139999,853899072,117908,-2147483648,DFW01-VPP1-Miscellaneous-Cluster
221,1590133439999,845958741,122216,-2147483648,DFW01-VPP1-Miscellaneous-Cluster
222,1590133739999,837910144,129215,-2147483648,DFW01-VPP1-Miscellaneous-Cluster
223,1590134039999,874257450,129026,-2147483648,DFW01-VPP1-Miscellaneous-Cluster
224,1590134339999,907195072,123012,-2147483648,DFW01-VPP1-Miscellaneous-Cluster
225,1590134639999,900315157,124888,-2147483648,DFW01-VPP1-Miscellaneous-Cluster
226,1590134939999,903009120,131717,-2147483648,DFW01-VPP1-Miscellaneous-Cluster
227,1590135239999,894615146,125148,-2147483648,DFW01-VPP1-Miscellaneous-Cluster
228,1590135539999,880337824,122321,-2147483648,DFW01-VPP1-Miscellaneous-Cluster
229,1590135839999,866500288,122031,-2147483648,DFW01-VPP1-Miscellaneous-Cluster
230,1590136139999,855500512,126146,-2147483648,DFW01-VPP1-Miscellaneous-Cluster
231,1590136439999,856003541,129450,-2147483648,DFW01-VPP1-Miscellaneous-Cluster
232,1590136739999,868246144,126000,-2147483648,DFW01-VPP1-Miscellaneous-Cluster
233,1590137039999,869146154,125921,-2147483648,DFW01-VPP1-Miscellaneous-Cluster
234,1590137339999,861904864,127125,-2147483648,DFW01-VPP1-Miscellaneous-Cluster
235,1590137639999,854021312,126878,-2147483648,DFW01-VPP1-Miscellaneous-Cluster
236,1590137939999,845858848,119079,-2147483648,DFW01-VPP1-Miscellaneous-Cluster
237,1590138239999,839692224,122514,-2147483648,DFW01-VPP1-Miscellaneous-Cluster
238,1590138539999,835007360,127658,-2147483648,DFW01-VPP1-Miscellaneous-Cluster
239,1590138839999,832377792,127185,-2147483648,DFW01-VPP1-Miscellaneous-Cluster
240,1590139139999,830339808,122772,-2147483648,DFW01-VPP1-Miscellaneous-Cluster
241,1590139439999,828978389,123196,-2147483648,DFW01-VPP1-Miscellaneous-Cluster
242,1590139739999,828232736,128998,-2147483648,DFW01-VPP1-Miscellaneous-Cluster
243,1590140039999,828740416,124211,-2147483648,DFW01-VPP1-Miscellaneous-Cluster
244,1590140339999,846610528,123830,-2147483648,DFW01-VPP1-Miscellaneous-Cluster
245,1590140639999,854785536,127022,-2147483648,DFW01-VPP1-Miscellaneous-Cluster
246,1590140939999,851055616,128679,-2147483648,DFW01-VPP1-Miscellaneous-Cluster
247,1590141239999,846150634,128578,-2147483648,DFW01-VPP1-Miscellaneous-Cluster
248,1590141539999,840771808,121806,-2147483648,DFW01-VPP1-Miscellaneous-Cluster
249,1590141839999,836756373,124144,-2147483648,DFW01-VPP1-Miscellaneous-Cluster
250,1590142139999,834785472,129372,-2147483648,DFW01-VPP1-Miscellaneous-Cluster
251,1590142439999,831610133,124180,-2147483648,DFW01-VPP1-Miscellaneous-Cluster
252,1590142739999,829854848,120021,-2147483648,DFW01-VPP1-Miscellaneous-Cluster
253,1590143039999,828739392,124956,-2147483648,DFW01-VPP1-Miscellaneous-Cluster
254,1590143339999,828123296,127460,-2147483648,DFW01-VPP1-Miscellaneous-Cluster
255,1590143639999,827894698,125834,-2147483648,DFW01-VPP1-Miscellaneous-Cluster
256,1590143939999,827928480,125239,-2147483648,DFW01-VPP1-Miscellaneous-Cluster
257,1590144239999,827948373,126495,-2147483648,DFW01-VPP1-Miscellaneous-Cluster
258,1590144539999,827994848,126451,-2147483648,DFW01-VPP1-Miscellaneous-Cluster
259,1590144839999,827990890,126001,-2147483648,DFW01-VPP1-Miscellaneous-Cluster
260,1590145139999,827971040,117129,-2147483648,DFW01-VPP1-Miscellaneous-Cluster
261,1590145439999,827773098,123187,-2147483648,DFW01-VPP1-Miscellaneous-Cluster
262,1590145739999,828000640,131726,-2147483648,DFW01-VPP1-Miscellaneous-Cluster
263,1590146039999,828000533,126109,-2147483648,DFW01-VPP1-Miscellaneous-Cluster
264,1590146339999,827954208,123057,-2147483648,DFW01-VPP1-Miscellaneous-Cluster
265,1590146639999,827826325,123186,-2147483648,DFW01-VPP1-Miscellaneous-Cluster
266,1590146939999,827837728,125120,-2147483648,DFW01-VPP1-Miscellaneous-Cluster
267,1590147239999,827881941,121888,-2147483648,DFW01-VPP1-Miscellaneous-Cluster
268,1590147539999,827843712,119487,-2147483648,DFW01-VPP1-Miscellaneous-Cluster
269,1590147839999,827847125,123806,-2147483648,DFW01-VPP1-Miscellaneous-Cluster
270,1590148139999,827824736,130259,-2147483648,DFW01-VPP1-Miscellaneous-Cluster
271,1590148439999,827788842,124465,-2147483648,DFW01-VPP1-Miscellaneous-Cluster
272,1590148739999,827752704,123544,-2147483648,DFW01-VPP1-Miscellaneous-Cluster
273,1590149039999,827752704,125263,-2147483648,DFW01-VPP1-Miscellaneous-Cluster
274,1590149339999,827516288,128157,-2147483648,DFW01-VPP1-Miscellaneous-Cluster
275,1590149639999,826978474,123807,-2147483648,DFW01-VPP1-Miscellaneous-Cluster
276,1590149939999,826888320,121153,-2147483648,DFW01-VPP1-Miscellaneous-Cluster
277,1590150239999,827583765,126925,-2147483648,DFW01-VPP1-Miscellaneous-Cluster
278,1590150539999,828957920,129853,-2147483648,DFW01-VPP1-Miscellaneous-Cluster
279,1590150839999,826596096,126565,-2147483648,DFW01-VPP1-Miscellaneous-Cluster
280,1590151139999,825915264,121993,-2147483648,DFW01-VPP1-Miscellaneous-Cluster
281,1590151439999,827064554,126231,-2147483648,DFW01-VPP1-Miscellaneous-Cluster
282,1590151739999,827162080,126488,-2147483648,DFW01-VPP1-Miscellaneous-Cluster
283,1590152039999,827261760,123557,-2147483648,DFW01-VPP1-Miscellaneous-Cluster
284,1590152339999,827174592,118912,-2147483648,DFW01-VPP1-Miscellaneous-Cluster
285,1590152639999,828757909,122586,-2147483648,DFW01-VPP1-Miscellaneous-Cluster
286,1590152939999,858775072,130951,-2147483648,DFW01-VPP1-Miscellaneous-Cluster
287,1590153239999,865532288,129432,-2147483648,DFW01-VPP1-Miscellaneous-Cluster
