,timestamps,mem,cpu,disk,clustername
0,1590067319999,-2147483648,428211,-2147483648,LHR03-VPP1-CloudCenter-Cluster
1,1590067619999,-2147483648,422664,-2147483648,LHR03-VPP1-CloudCenter-Cluster
2,1590067919999,-2147483648,464997,-2147483648,LHR03-VPP1-CloudCenter-Cluster
3,1590068219999,-2147483648,449133,-2147483648,LHR03-VPP1-CloudCenter-Cluster
4,1590068519999,-2147483648,420151,-2147483648,LHR03-VPP1-CloudCenter-Cluster
5,1590068819999,-2147483648,420147,-2147483648,LHR03-VPP1-CloudCenter-Cluster
6,1590069119999,-2147483648,417594,-2147483648,LHR03-VPP1-CloudCenter-Cluster
7,1590069419999,-2147483648,427540,-2147483648,LHR03-VPP1-CloudCenter-Cluster
8,1590069719999,-2147483648,514214,-2147483648,LHR03-VPP1-CloudCenter-Cluster
9,1590070019999,-2147483648,492333,-2147483648,LHR03-VPP1-CloudCenter-Cluster
10,1590070319999,-2147483648,441186,-2147483648,LHR03-VPP1-CloudCenter-Cluster
11,1590070619999,-2147483648,436610,-2147483648,LHR03-VPP1-CloudCenter-Cluster
12,1590070919999,-2147483648,427400,-2147483648,LHR03-VPP1-CloudCenter-Cluster
13,1590071219999,-2147483648,422422,-2147483648,LHR03-VPP1-CloudCenter-Cluster
14,1590071519999,-2147483648,462935,-2147483648,LHR03-VPP1-CloudCenter-Cluster
15,1590071819999,-2147483648,444260,-2147483648,LHR03-VPP1-CloudCenter-Cluster
16,1590072119999,-2147483648,414616,-2147483648,LHR03-VPP1-CloudCenter-Cluster
17,1590072419999,-2147483648,408812,-2147483648,LHR03-VPP1-CloudCenter-Cluster
18,1590072719999,-2147483648,404341,-2147483648,LHR03-VPP1-CloudCenter-Cluster
19,1590073019999,-2147483648,404288,-2147483648,LHR03-VPP1-CloudCenter-Cluster
20,1590073319999,-2147483648,470462,-2147483648,LHR03-VPP1-CloudCenter-Cluster
21,1590073619999,-2147483648,450562,-2147483648,LHR03-VPP1-CloudCenter-Cluster
22,1590073919999,-2147483648,405099,-2147483648,LHR03-VPP1-CloudCenter-Cluster
23,1590074219999,-2147483648,395851,-2147483648,LHR03-VPP1-CloudCenter-Cluster
24,1590074519999,-2147483648,386837,-2147483648,LHR03-VPP1-CloudCenter-Cluster
25,1590074819999,-2147483648,377825,-2147483648,LHR03-VPP1-CloudCenter-Cluster
26,1590075119999,-2147483648,404865,-2147483648,LHR03-VPP1-CloudCenter-Cluster
27,1590075419999,-2147483648,388919,-2147483648,LHR03-VPP1-CloudCenter-Cluster
28,1590075719999,-2147483648,362086,-2147483648,LHR03-VPP1-CloudCenter-Cluster
29,1590076019999,-2147483648,359582,-2147483648,LHR03-VPP1-CloudCenter-Cluster
30,1590076319999,-2147483648,354842,-2147483648,LHR03-VPP1-CloudCenter-Cluster
31,1590076619999,-2147483648,349364,-2147483648,LHR03-VPP1-CloudCenter-Cluster
32,1590076919999,-2147483648,385576,-2147483648,LHR03-VPP1-CloudCenter-Cluster
33,1590077219999,-2147483648,374196,-2147483648,LHR03-VPP1-CloudCenter-Cluster
34,1590077519999,-2147483648,346316,-2147483648,LHR03-VPP1-CloudCenter-Cluster
35,1590077819999,-2147483648,336865,-2147483648,LHR03-VPP1-CloudCenter-Cluster
36,1590078119999,-2147483648,330698,-2147483648,LHR03-VPP1-CloudCenter-Cluster
37,1590078419999,-2147483648,320871,-2147483648,LHR03-VPP1-CloudCenter-Cluster
38,1590078719999,-2147483648,336045,-2147483648,LHR03-VPP1-CloudCenter-Cluster
39,1590079019999,-2147483648,325247,-2147483648,LHR03-VPP1-CloudCenter-Cluster
40,1590079319999,-2147483648,308822,-2147483648,LHR03-VPP1-CloudCenter-Cluster
41,1590079619999,-2147483648,301569,-2147483648,LHR03-VPP1-CloudCenter-Cluster
42,1590079919999,-2147483648,299611,-2147483648,LHR03-VPP1-CloudCenter-Cluster
43,1590080219999,-2147483648,296464,-2147483648,LHR03-VPP1-CloudCenter-Cluster
44,1590080519999,-2147483648,320891,-2147483648,LHR03-VPP1-CloudCenter-Cluster
45,1590080819999,-2147483648,306593,-2147483648,LHR03-VPP1-CloudCenter-Cluster
46,1590081119999,-2147483648,285884,-2147483648,LHR03-VPP1-CloudCenter-Cluster
47,1590081419999,-2147483648,279722,-2147483648,LHR03-VPP1-CloudCenter-Cluster
48,1590081719999,-2147483648,276161,-2147483648,LHR03-VPP1-CloudCenter-Cluster
49,1590082019999,-2147483648,267163,-2147483648,LHR03-VPP1-CloudCenter-Cluster
50,1590082319999,-2147483648,276645,-2147483648,LHR03-VPP1-CloudCenter-Cluster
51,1590082619999,-2147483648,270138,-2147483648,LHR03-VPP1-CloudCenter-Cluster
52,1590082919999,-2147483648,257374,-2147483648,LHR03-VPP1-CloudCenter-Cluster
53,1590083219999,-2147483648,252071,-2147483648,LHR03-VPP1-CloudCenter-Cluster
54,1590083519999,-2147483648,251189,-2147483648,LHR03-VPP1-CloudCenter-Cluster
55,1590083819999,-2147483648,247378,-2147483648,LHR03-VPP1-CloudCenter-Cluster
56,1590084119999,-2147483648,268561,-2147483648,LHR03-VPP1-CloudCenter-Cluster
57,1590084419999,-2147483648,259598,-2147483648,LHR03-VPP1-CloudCenter-Cluster
58,1590084719999,-2147483648,242998,-2147483648,LHR03-VPP1-CloudCenter-Cluster
59,1590085019999,-2147483648,239773,-2147483648,LHR03-VPP1-CloudCenter-Cluster
60,1590085319999,-2147483648,239020,-2147483648,LHR03-VPP1-CloudCenter-Cluster
61,1590085619999,-2147483648,219576,-2147483648,LHR03-VPP1-CloudCenter-Cluster
62,1590085919999,-2147483648,217122,-2147483648,LHR03-VPP1-CloudCenter-Cluster
63,1590086219999,-2147483648,217811,-2147483648,LHR03-VPP1-CloudCenter-Cluster
64,1590086519999,-2147483648,213238,-2147483648,LHR03-VPP1-CloudCenter-Cluster
65,1590086819999,-2147483648,205690,-2147483648,LHR03-VPP1-CloudCenter-Cluster
66,1590087119999,-2147483648,203837,-2147483648,LHR03-VPP1-CloudCenter-Cluster
67,1590087419999,-2147483648,195631,-2147483648,LHR03-VPP1-CloudCenter-Cluster
68,1590087719999,-2147483648,203121,-2147483648,LHR03-VPP1-CloudCenter-Cluster
69,1590088019999,-2147483648,197071,-2147483648,LHR03-VPP1-CloudCenter-Cluster
70,1590088319999,-2147483648,189059,-2147483648,LHR03-VPP1-CloudCenter-Cluster
71,1590088619999,-2147483648,187292,-2147483648,LHR03-VPP1-CloudCenter-Cluster
72,1590088919999,-2147483648,188686,-2147483648,LHR03-VPP1-CloudCenter-Cluster
73,1590089219999,-2147483648,180711,-2147483648,LHR03-VPP1-CloudCenter-Cluster
74,1590089519999,-2147483648,185231,-2147483648,LHR03-VPP1-CloudCenter-Cluster
75,1590089819999,-2147483648,185657,-2147483648,LHR03-VPP1-CloudCenter-Cluster
76,1590090119999,-2147483648,179081,-2147483648,LHR03-VPP1-CloudCenter-Cluster
77,1590090419999,-2147483648,177902,-2147483648,LHR03-VPP1-CloudCenter-Cluster
78,1590090719999,-2147483648,182863,-2147483648,LHR03-VPP1-CloudCenter-Cluster
79,1590091019999,-2147483648,176337,-2147483648,LHR03-VPP1-CloudCenter-Cluster
80,1590091319999,-2147483648,185299,-2147483648,LHR03-VPP1-CloudCenter-Cluster
81,1590091619999,-2147483648,183978,-2147483648,LHR03-VPP1-CloudCenter-Cluster
82,1590091919999,-2147483648,177243,-2147483648,LHR03-VPP1-CloudCenter-Cluster
83,1590092219999,-2147483648,175487,-2147483648,LHR03-VPP1-CloudCenter-Cluster
84,1590092519999,-2147483648,178520,-2147483648,LHR03-VPP1-CloudCenter-Cluster
85,1590092819999,-2147483648,169984,-2147483648,LHR03-VPP1-CloudCenter-Cluster
86,1590093119999,-2147483648,173820,-2147483648,LHR03-VPP1-CloudCenter-Cluster
87,1590093419999,-2147483648,173517,-2147483648,LHR03-VPP1-CloudCenter-Cluster
88,1590093719999,-2147483648,162350,-2147483648,LHR03-VPP1-CloudCenter-Cluster
89,1590094019999,-2147483648,175020,-2147483648,LHR03-VPP1-CloudCenter-Cluster
90,1590094319999,-2147483648,207569,-2147483648,LHR03-VPP1-CloudCenter-Cluster
91,1590094619999,-2147483648,192950,-2147483648,LHR03-VPP1-CloudCenter-Cluster
92,1590094919999,-2147483648,190068,-2147483648,LHR03-VPP1-CloudCenter-Cluster
93,1590095219999,-2147483648,207296,-2147483648,LHR03-VPP1-CloudCenter-Cluster
94,1590095519999,-2147483648,188467,-2147483648,LHR03-VPP1-CloudCenter-Cluster
95,1590095819999,-2147483648,158705,-2147483648,LHR03-VPP1-CloudCenter-Cluster
96,1590096119999,-2147483648,162374,-2147483648,LHR03-VPP1-CloudCenter-Cluster
97,1590096419999,-2147483648,153782,-2147483648,LHR03-VPP1-CloudCenter-Cluster
98,1590096719999,-2147483648,155633,-2147483648,LHR03-VPP1-CloudCenter-Cluster
99,1590097019999,-2147483648,158627,-2147483648,LHR03-VPP1-CloudCenter-Cluster
100,1590097319999,-2147483648,170610,-2147483648,LHR03-VPP1-CloudCenter-Cluster
101,1590097619999,-2147483648,166688,-2147483648,LHR03-VPP1-CloudCenter-Cluster
102,1590097919999,-2147483648,169896,-2147483648,LHR03-VPP1-CloudCenter-Cluster
103,1590098219999,-2147483648,165598,-2147483648,LHR03-VPP1-CloudCenter-Cluster
104,1590098519999,-2147483648,170333,-2147483648,LHR03-VPP1-CloudCenter-Cluster
105,1590098819999,-2147483648,173068,-2147483648,LHR03-VPP1-CloudCenter-Cluster
106,1590099119999,-2147483648,168109,-2147483648,LHR03-VPP1-CloudCenter-Cluster
107,1590099419999,-2147483648,165814,-2147483648,LHR03-VPP1-CloudCenter-Cluster
108,1590099719999,-2147483648,170185,-2147483648,LHR03-VPP1-CloudCenter-Cluster
109,1590100019999,-2147483648,162726,-2147483648,LHR03-VPP1-CloudCenter-Cluster
110,1590100319999,-2147483648,164238,-2147483648,LHR03-VPP1-CloudCenter-Cluster
111,1590100619999,-2147483648,165479,-2147483648,LHR03-VPP1-CloudCenter-Cluster
112,1590100919999,-2147483648,164022,-2147483648,LHR03-VPP1-CloudCenter-Cluster
113,1590101219999,-2147483648,159256,-2147483648,LHR03-VPP1-CloudCenter-Cluster
114,1590101519999,-2147483648,164787,-2147483648,LHR03-VPP1-CloudCenter-Cluster
115,1590101819999,-2147483648,160528,-2147483648,LHR03-VPP1-CloudCenter-Cluster
116,1590102119999,-2147483648,162850,-2147483648,LHR03-VPP1-CloudCenter-Cluster
117,1590102419999,-2147483648,164645,-2147483648,LHR03-VPP1-CloudCenter-Cluster
118,1590103019999,-2147483648,162792,-2147483648,LHR03-VPP1-CloudCenter-Cluster
119,1590103319999,-2147483648,163348,-2147483648,LHR03-VPP1-CloudCenter-Cluster
120,1590103619999,-2147483648,160320,-2147483648,LHR03-VPP1-CloudCenter-Cluster
121,1590103919999,-2147483648,164016,-2147483648,LHR03-VPP1-CloudCenter-Cluster
122,1590104219999,-2147483648,165396,-2147483648,LHR03-VPP1-CloudCenter-Cluster
123,1590104519999,-2147483648,161042,-2147483648,LHR03-VPP1-CloudCenter-Cluster
124,1590104819999,-2147483648,159204,-2147483648,LHR03-VPP1-CloudCenter-Cluster
125,1590105119999,-2147483648,162032,-2147483648,LHR03-VPP1-CloudCenter-Cluster
126,1590105419999,-2147483648,158636,-2147483648,LHR03-VPP1-CloudCenter-Cluster
127,1590105719999,-2147483648,164961,-2147483648,LHR03-VPP1-CloudCenter-Cluster
128,1590106019999,-2147483648,166904,-2147483648,LHR03-VPP1-CloudCenter-Cluster
129,1590106319999,-2147483648,165534,-2147483648,LHR03-VPP1-CloudCenter-Cluster
130,1590106619999,-2147483648,159294,-2147483648,LHR03-VPP1-CloudCenter-Cluster
131,1590106919999,-2147483648,162453,-2147483648,LHR03-VPP1-CloudCenter-Cluster
132,1590107219999,-2147483648,160430,-2147483648,LHR03-VPP1-CloudCenter-Cluster
133,1590107519999,-2147483648,160131,-2147483648,LHR03-VPP1-CloudCenter-Cluster
134,1590107819999,-2147483648,159888,-2147483648,LHR03-VPP1-CloudCenter-Cluster
135,1590108119999,-2147483648,158152,-2147483648,LHR03-VPP1-CloudCenter-Cluster
136,1590108419999,-2147483648,156931,-2147483648,LHR03-VPP1-CloudCenter-Cluster
137,1590108719999,-2147483648,165376,-2147483648,LHR03-VPP1-CloudCenter-Cluster
138,1590109019999,-2147483648,165458,-2147483648,LHR03-VPP1-CloudCenter-Cluster
139,1590109319999,-2147483648,173291,-2147483648,LHR03-VPP1-CloudCenter-Cluster
140,1590109619999,-2147483648,169448,-2147483648,LHR03-VPP1-CloudCenter-Cluster
141,1590109919999,-2147483648,163638,-2147483648,LHR03-VPP1-CloudCenter-Cluster
142,1590110219999,-2147483648,159470,-2147483648,LHR03-VPP1-CloudCenter-Cluster
143,1590110519999,-2147483648,163074,-2147483648,LHR03-VPP1-CloudCenter-Cluster
144,1590110819999,-2147483648,160187,-2147483648,LHR03-VPP1-CloudCenter-Cluster
145,1590111119999,-2147483648,162980,-2147483648,LHR03-VPP1-CloudCenter-Cluster
146,1590111419999,-2147483648,163048,-2147483648,LHR03-VPP1-CloudCenter-Cluster
147,1590111719999,-2147483648,160864,-2147483648,LHR03-VPP1-CloudCenter-Cluster
148,1590112019999,-2147483648,155145,-2147483648,LHR03-VPP1-CloudCenter-Cluster
149,1590112319999,-2147483648,157556,-2147483648,LHR03-VPP1-CloudCenter-Cluster
150,1590112619999,-2147483648,156642,-2147483648,LHR03-VPP1-CloudCenter-Cluster
151,1590112919999,-2147483648,162487,-2147483648,LHR03-VPP1-CloudCenter-Cluster
152,1590113219999,-2147483648,165104,-2147483648,LHR03-VPP1-CloudCenter-Cluster
153,1590113519999,-2147483648,164882,-2147483648,LHR03-VPP1-CloudCenter-Cluster
154,1590113819999,-2147483648,160369,-2147483648,LHR03-VPP1-CloudCenter-Cluster
155,1590114119999,-2147483648,162373,-2147483648,LHR03-VPP1-CloudCenter-Cluster
156,1590114419999,-2147483648,158334,-2147483648,LHR03-VPP1-CloudCenter-Cluster
157,1590114719999,-2147483648,161261,-2147483648,LHR03-VPP1-CloudCenter-Cluster
158,1590115019999,-2147483648,159446,-2147483648,LHR03-VPP1-CloudCenter-Cluster
159,1590115319999,-2147483648,160619,-2147483648,LHR03-VPP1-CloudCenter-Cluster
160,1590115619999,-2147483648,156952,-2147483648,LHR03-VPP1-CloudCenter-Cluster
161,1590115919999,-2147483648,157421,-2147483648,LHR03-VPP1-CloudCenter-Cluster
162,1590116219999,-2147483648,155896,-2147483648,LHR03-VPP1-CloudCenter-Cluster
163,1590116519999,-2147483648,161085,-2147483648,LHR03-VPP1-CloudCenter-Cluster
164,1590116819999,-2147483648,159351,-2147483648,LHR03-VPP1-CloudCenter-Cluster
165,1590117119999,-2147483648,160107,-2147483648,LHR03-VPP1-CloudCenter-Cluster
166,1590117419999,-2147483648,156348,-2147483648,LHR03-VPP1-CloudCenter-Cluster
167,1590117719999,-2147483648,159555,-2147483648,LHR03-VPP1-CloudCenter-Cluster
168,1590118019999,-2147483648,158277,-2147483648,LHR03-VPP1-CloudCenter-Cluster
169,1590118319999,-2147483648,160442,-2147483648,LHR03-VPP1-CloudCenter-Cluster
170,1590118619999,-2147483648,160312,-2147483648,LHR03-VPP1-CloudCenter-Cluster
171,1590118919999,-2147483648,163138,-2147483648,LHR03-VPP1-CloudCenter-Cluster
172,1590119219999,-2147483648,160097,-2147483648,LHR03-VPP1-CloudCenter-Cluster
173,1590119519999,-2147483648,163530,-2147483648,LHR03-VPP1-CloudCenter-Cluster
174,1590119819999,-2147483648,163265,-2147483648,LHR03-VPP1-CloudCenter-Cluster
175,1590120119999,-2147483648,169217,-2147483648,LHR03-VPP1-CloudCenter-Cluster
176,1590120419999,-2147483648,168491,-2147483648,LHR03-VPP1-CloudCenter-Cluster
177,1590120719999,-2147483648,168956,-2147483648,LHR03-VPP1-CloudCenter-Cluster
178,1590121019999,-2147483648,165064,-2147483648,LHR03-VPP1-CloudCenter-Cluster
179,1590121319999,-2147483648,168360,-2147483648,LHR03-VPP1-CloudCenter-Cluster
180,1590121619999,-2147483648,166971,-2147483648,LHR03-VPP1-CloudCenter-Cluster
181,1590121919999,-2147483648,173392,-2147483648,LHR03-VPP1-CloudCenter-Cluster
182,1590122219999,-2147483648,173820,-2147483648,LHR03-VPP1-CloudCenter-Cluster
183,1590122519999,-2147483648,174524,-2147483648,LHR03-VPP1-CloudCenter-Cluster
184,1590122819999,-2147483648,171411,-2147483648,LHR03-VPP1-CloudCenter-Cluster
185,1590123119999,-2147483648,174404,-2147483648,LHR03-VPP1-CloudCenter-Cluster
186,1590123419999,-2147483648,176870,-2147483648,LHR03-VPP1-CloudCenter-Cluster
187,1590123719999,-2147483648,186692,-2147483648,LHR03-VPP1-CloudCenter-Cluster
188,1590124019999,-2147483648,185328,-2147483648,LHR03-VPP1-CloudCenter-Cluster
189,1590124619999,-2147483648,185004,-2147483648,LHR03-VPP1-CloudCenter-Cluster
190,1590124919999,-2147483648,188871,-2147483648,LHR03-VPP1-CloudCenter-Cluster
191,1590125219999,-2147483648,192613,-2147483648,LHR03-VPP1-CloudCenter-Cluster
192,1590125519999,-2147483648,210583,-2147483648,LHR03-VPP1-CloudCenter-Cluster
193,1590125819999,-2147483648,210476,-2147483648,LHR03-VPP1-CloudCenter-Cluster
194,1590126119999,-2147483648,213066,-2147483648,LHR03-VPP1-CloudCenter-Cluster
195,1590126419999,-2147483648,217465,-2147483648,LHR03-VPP1-CloudCenter-Cluster
196,1590126719999,-2147483648,227735,-2147483648,LHR03-VPP1-CloudCenter-Cluster
197,1590127019999,-2147483648,245653,-2147483648,LHR03-VPP1-CloudCenter-Cluster
198,1590127319999,-2147483648,303051,-2147483648,LHR03-VPP1-CloudCenter-Cluster
199,1590127619999,-2147483648,303875,-2147483648,LHR03-VPP1-CloudCenter-Cluster
200,1590127919999,-2147483648,299415,-2147483648,LHR03-VPP1-CloudCenter-Cluster
201,1590128219999,-2147483648,306138,-2147483648,LHR03-VPP1-CloudCenter-Cluster
202,1590128519999,-2147483648,307617,-2147483648,LHR03-VPP1-CloudCenter-Cluster
203,1590128819999,-2147483648,316423,-2147483648,LHR03-VPP1-CloudCenter-Cluster
204,1590129119999,-2147483648,360455,-2147483648,LHR03-VPP1-CloudCenter-Cluster
205,1590129419999,-2147483648,349175,-2147483648,LHR03-VPP1-CloudCenter-Cluster
206,1590129719999,-2147483648,348724,-2147483648,LHR03-VPP1-CloudCenter-Cluster
207,1590130019999,-2147483648,358841,-2147483648,LHR03-VPP1-CloudCenter-Cluster
208,1590130319999,-2147483648,369681,-2147483648,LHR03-VPP1-CloudCenter-Cluster
209,1590130619999,-2147483648,402942,-2147483648,LHR03-VPP1-CloudCenter-Cluster
210,1590130919999,-2147483648,512026,-2147483648,LHR03-VPP1-CloudCenter-Cluster
211,1590131219999,-2147483648,476325,-2147483648,LHR03-VPP1-CloudCenter-Cluster
212,1590131519999,-2147483648,445664,-2147483648,LHR03-VPP1-CloudCenter-Cluster
213,1590131819999,-2147483648,445559,-2147483648,LHR03-VPP1-CloudCenter-Cluster
214,1590132119999,-2147483648,442483,-2147483648,LHR03-VPP1-CloudCenter-Cluster
215,1590132419999,-2147483648,450145,-2147483648,LHR03-VPP1-CloudCenter-Cluster
216,1590132719999,-2147483648,509882,-2147483648,LHR03-VPP1-CloudCenter-Cluster
217,1590133019999,-2147483648,479250,-2147483648,LHR03-VPP1-CloudCenter-Cluster
218,1590133319999,-2147483648,465142,-2147483648,LHR03-VPP1-CloudCenter-Cluster
219,1590133619999,-2147483648,476234,-2147483648,LHR03-VPP1-CloudCenter-Cluster
220,1590133919999,-2147483648,485035,-2147483648,LHR03-VPP1-CloudCenter-Cluster
221,1590134219999,-2147483648,520518,-2147483648,LHR03-VPP1-CloudCenter-Cluster
222,1590134519999,-2147483648,664154,-2147483648,LHR03-VPP1-CloudCenter-Cluster
223,1590134819999,-2147483648,596788,-2147483648,LHR03-VPP1-CloudCenter-Cluster
224,1590135119999,-2147483648,546305,-2147483648,LHR03-VPP1-CloudCenter-Cluster
225,1590135419999,-2147483648,543754,-2147483648,LHR03-VPP1-CloudCenter-Cluster
226,1590135719999,-2147483648,534461,-2147483648,LHR03-VPP1-CloudCenter-Cluster
227,1590136019999,-2147483648,536348,-2147483648,LHR03-VPP1-CloudCenter-Cluster
228,1590136319999,-2147483648,606447,-2147483648,LHR03-VPP1-CloudCenter-Cluster
229,1590136619999,-2147483648,564961,-2147483648,LHR03-VPP1-CloudCenter-Cluster
230,1590136919999,-2147483648,541151,-2147483648,LHR03-VPP1-CloudCenter-Cluster
231,1590137219999,-2147483648,545725,-2147483648,LHR03-VPP1-CloudCenter-Cluster
232,1590137519999,-2147483648,547951,-2147483648,LHR03-VPP1-CloudCenter-Cluster
233,1590137819999,-2147483648,583359,-2147483648,LHR03-VPP1-CloudCenter-Cluster
234,1590138119999,-2147483648,735759,-2147483648,LHR03-VPP1-CloudCenter-Cluster
235,1590138419999,-2147483648,663958,-2147483648,LHR03-VPP1-CloudCenter-Cluster
236,1590138719999,-2147483648,606550,-2147483648,LHR03-VPP1-CloudCenter-Cluster
237,1590139019999,-2147483648,600977,-2147483648,LHR03-VPP1-CloudCenter-Cluster
238,1590139319999,-2147483648,583753,-2147483648,LHR03-VPP1-CloudCenter-Cluster
239,1590139619999,-2147483648,576103,-2147483648,LHR03-VPP1-CloudCenter-Cluster
240,1590139919999,-2147483648,642013,-2147483648,LHR03-VPP1-CloudCenter-Cluster
241,1590140219999,-2147483648,605792,-2147483648,LHR03-VPP1-CloudCenter-Cluster
242,1590140519999,-2147483648,571162,-2147483648,LHR03-VPP1-CloudCenter-Cluster
243,1590140819999,-2147483648,568228,-2147483648,LHR03-VPP1-CloudCenter-Cluster
244,1590141119999,-2147483648,559208,-2147483648,LHR03-VPP1-CloudCenter-Cluster
245,1590141419999,-2147483648,573192,-2147483648,LHR03-VPP1-CloudCenter-Cluster
246,1590141719999,-2147483648,674350,-2147483648,LHR03-VPP1-CloudCenter-Cluster
247,1590142019999,-2147483648,614018,-2147483648,LHR03-VPP1-CloudCenter-Cluster
248,1590142319999,-2147483648,558428,-2147483648,LHR03-VPP1-CloudCenter-Cluster
249,1590142619999,-2147483648,544138,-2147483648,LHR03-VPP1-CloudCenter-Cluster
250,1590142919999,-2147483648,516883,-2147483648,LHR03-VPP1-CloudCenter-Cluster
251,1590143219999,-2147483648,506233,-2147483648,LHR03-VPP1-CloudCenter-Cluster
252,1590143519999,-2147483648,550315,-2147483648,LHR03-VPP1-CloudCenter-Cluster
253,1590143819999,-2147483648,514247,-2147483648,LHR03-VPP1-CloudCenter-Cluster
254,1590144119999,-2147483648,484217,-2147483648,LHR03-VPP1-CloudCenter-Cluster
255,1590144419999,-2147483648,478980,-2147483648,LHR03-VPP1-CloudCenter-Cluster
256,1590144719999,-2147483648,469452,-2147483648,LHR03-VPP1-CloudCenter-Cluster
257,1590145019999,-2147483648,466980,-2147483648,LHR03-VPP1-CloudCenter-Cluster
258,1590145319999,-2147483648,529383,-2147483648,LHR03-VPP1-CloudCenter-Cluster
259,1590145619999,-2147483648,473629,-2147483648,LHR03-VPP1-CloudCenter-Cluster
260,1590146219999,-2147483648,423173,-2147483648,LHR03-VPP1-CloudCenter-Cluster
261,1590146519999,-2147483648,407519,-2147483648,LHR03-VPP1-CloudCenter-Cluster
262,1590146819999,-2147483648,400183,-2147483648,LHR03-VPP1-CloudCenter-Cluster
263,1590147119999,-2147483648,429549,-2147483648,LHR03-VPP1-CloudCenter-Cluster
264,1590147419999,-2147483648,406165,-2147483648,LHR03-VPP1-CloudCenter-Cluster
265,1590147719999,-2147483648,389756,-2147483648,LHR03-VPP1-CloudCenter-Cluster
266,1590148019999,-2147483648,388425,-2147483648,LHR03-VPP1-CloudCenter-Cluster
267,1590148319999,-2147483648,383522,-2147483648,LHR03-VPP1-CloudCenter-Cluster
268,1590148619999,-2147483648,393742,-2147483648,LHR03-VPP1-CloudCenter-Cluster
269,1590148919999,-2147483648,472359,-2147483648,LHR03-VPP1-CloudCenter-Cluster
270,1590149219999,-2147483648,427913,-2147483648,LHR03-VPP1-CloudCenter-Cluster
271,1590149519999,-2147483648,395995,-2147483648,LHR03-VPP1-CloudCenter-Cluster
272,1590149819999,-2147483648,392783,-2147483648,LHR03-VPP1-CloudCenter-Cluster
273,1590150119999,-2147483648,380996,-2147483648,LHR03-VPP1-CloudCenter-Cluster
274,1590150419999,-2147483648,376558,-2147483648,LHR03-VPP1-CloudCenter-Cluster
275,1590150719999,-2147483648,418110,-2147483648,LHR03-VPP1-CloudCenter-Cluster
276,1590151019999,-2147483648,393632,-2147483648,LHR03-VPP1-CloudCenter-Cluster
277,1590151319999,-2147483648,374958,-2147483648,LHR03-VPP1-CloudCenter-Cluster
278,1590151619999,-2147483648,374381,-2147483648,LHR03-VPP1-CloudCenter-Cluster
279,1590151919999,-2147483648,372681,-2147483648,LHR03-VPP1-CloudCenter-Cluster
280,1590152219999,-2147483648,389459,-2147483648,LHR03-VPP1-CloudCenter-Cluster
281,1590152519999,-2147483648,471582,-2147483648,LHR03-VPP1-CloudCenter-Cluster
282,1590152819999,-2147483648,432863,-2147483648,LHR03-VPP1-CloudCenter-Cluster
283,1590153119999,-2147483648,403248,-2147483648,LHR03-VPP1-CloudCenter-Cluster
