,timestamps,mem,cpu,disk,clustername
0,1590067259999,878272768,33175,-2147483648,SIN01-VPP1-Infrastructure-Cluster
1,1590067559999,878222464,32914,-2147483648,SIN01-VPP1-Infrastructure-Cluster
2,1590067859999,877795264,32333,-2147483648,SIN01-VPP1-Infrastructure-Cluster
3,1590068159999,877550144,34438,-2147483648,SIN01-VPP1-Infrastructure-Cluster
4,1590068459999,877304896,33760,-2147483648,SIN01-VPP1-Infrastructure-Cluster
5,1590068759999,877260864,32234,-2147483648,SIN01-VPP1-Infrastructure-Cluster
6,1590069059999,877296640,33574,-2147483648,SIN01-VPP1-Infrastructure-Cluster
7,1590069359999,877335552,34611,-2147483648,SIN01-VPP1-Infrastructure-Cluster
8,1590069659999,877362816,34707,-2147483648,SIN01-VPP1-Infrastructure-Cluster
9,1590069959999,877386816,35492,-2147483648,SIN01-VPP1-Infrastructure-Cluster
10,1590070259999,877399296,38908,-2147483648,SIN01-VPP1-Infrastructure-Cluster
11,1590070559999,877411008,36265,-2147483648,SIN01-VPP1-Infrastructure-Cluster
12,1590070859999,877504320,34652,-2147483648,SIN01-VPP1-Infrastructure-Cluster
13,1590071159999,877582528,33259,-2147483648,SIN01-VPP1-Infrastructure-Cluster
14,1590071459999,877596096,33071,-2147483648,SIN01-VPP1-Infrastructure-Cluster
15,1590071759999,877654464,35082,-2147483648,SIN01-VPP1-Infrastructure-Cluster
16,1590072059999,877715008,35170,-2147483648,SIN01-VPP1-Infrastructure-Cluster
17,1590072359999,877801920,33071,-2147483648,SIN01-VPP1-Infrastructure-Cluster
18,1590072659999,877888960,33931,-2147483648,SIN01-VPP1-Infrastructure-Cluster
19,1590072959999,877905536,34048,-2147483648,SIN01-VPP1-Infrastructure-Cluster
20,1590073259999,877914112,35875,-2147483648,SIN01-VPP1-Infrastructure-Cluster
21,1590073559999,877932928,34849,-2147483648,SIN01-VPP1-Infrastructure-Cluster
22,1590073859999,877923904,37472,-2147483648,SIN01-VPP1-Infrastructure-Cluster
23,1590074159999,877926272,35967,-2147483648,SIN01-VPP1-Infrastructure-Cluster
24,1590074459999,877839872,36130,-2147483648,SIN01-VPP1-Infrastructure-Cluster
25,1590074759999,877755008,32689,-2147483648,SIN01-VPP1-Infrastructure-Cluster
26,1590075059999,877725888,32042,-2147483648,SIN01-VPP1-Infrastructure-Cluster
27,1590075359999,877728384,33008,-2147483648,SIN01-VPP1-Infrastructure-Cluster
28,1590075659999,877742208,32236,-2147483648,SIN01-VPP1-Infrastructure-Cluster
29,1590075959999,877763584,31517,-2147483648,SIN01-VPP1-Infrastructure-Cluster
30,1590076259999,877775744,32314,-2147483648,SIN01-VPP1-Infrastructure-Cluster
31,1590076559999,877807616,32463,-2147483648,SIN01-VPP1-Infrastructure-Cluster
32,1590076859999,877819328,32110,-2147483648,SIN01-VPP1-Infrastructure-Cluster
33,1590077159999,877864960,34142,-2147483648,SIN01-VPP1-Infrastructure-Cluster
34,1590077459999,877927616,36123,-2147483648,SIN01-VPP1-Infrastructure-Cluster
35,1590077759999,877974464,32988,-2147483648,SIN01-VPP1-Infrastructure-Cluster
36,1590078059999,877978432,31752,-2147483648,SIN01-VPP1-Infrastructure-Cluster
37,1590078359999,878012480,44003,-2147483648,SIN01-VPP1-Infrastructure-Cluster
38,1590078659999,878047936,49170,-2147483648,SIN01-VPP1-Infrastructure-Cluster
39,1590078959999,878062464,40878,-2147483648,SIN01-VPP1-Infrastructure-Cluster
40,1590079259999,878090304,33915,-2147483648,SIN01-VPP1-Infrastructure-Cluster
41,1590079559999,878103872,36206,-2147483648,SIN01-VPP1-Infrastructure-Cluster
42,1590079859999,878116992,33742,-2147483648,SIN01-VPP1-Infrastructure-Cluster
43,1590080159999,878120896,36253,-2147483648,SIN01-VPP1-Infrastructure-Cluster
44,1590080459999,878122432,34250,-2147483648,SIN01-VPP1-Infrastructure-Cluster
45,1590080759999,878121600,33980,-2147483648,SIN01-VPP1-Infrastructure-Cluster
46,1590081059999,878100864,34979,-2147483648,SIN01-VPP1-Infrastructure-Cluster
47,1590081359999,878110592,31952,-2147483648,SIN01-VPP1-Infrastructure-Cluster
48,1590081659999,878129536,31091,-2147483648,SIN01-VPP1-Infrastructure-Cluster
49,1590081959999,878156032,30914,-2147483648,SIN01-VPP1-Infrastructure-Cluster
50,1590082259999,878173888,31330,-2147483648,SIN01-VPP1-Infrastructure-Cluster
51,1590082559999,878179968,32343,-2147483648,SIN01-VPP1-Infrastructure-Cluster
52,1590082859999,878195584,30856,-2147483648,SIN01-VPP1-Infrastructure-Cluster
53,1590083159999,878212544,32951,-2147483648,SIN01-VPP1-Infrastructure-Cluster
54,1590083459999,878220672,34402,-2147483648,SIN01-VPP1-Infrastructure-Cluster
55,1590083759999,878244928,65884,-2147483648,SIN01-VPP1-Infrastructure-Cluster
56,1590084059999,878251264,52674,-2147483648,SIN01-VPP1-Infrastructure-Cluster
57,1590084359999,878287232,32990,-2147483648,SIN01-VPP1-Infrastructure-Cluster
58,1590084659999,878306496,33797,-2147483648,SIN01-VPP1-Infrastructure-Cluster
59,1590084959999,878373504,35249,-2147483648,SIN01-VPP1-Infrastructure-Cluster
60,1590085259999,878961024,31681,-2147483648,SIN01-VPP1-Infrastructure-Cluster
61,1590085559999,879473472,30995,-2147483648,SIN01-VPP1-Infrastructure-Cluster
62,1590085859999,879508544,30720,-2147483648,SIN01-VPP1-Infrastructure-Cluster
63,1590086159999,879552128,32137,-2147483648,SIN01-VPP1-Infrastructure-Cluster
64,1590086459999,879574080,31770,-2147483648,SIN01-VPP1-Infrastructure-Cluster
65,1590086759999,879589504,30552,-2147483648,SIN01-VPP1-Infrastructure-Cluster
66,1590087059999,879627712,30662,-2147483648,SIN01-VPP1-Infrastructure-Cluster
67,1590087359999,879620480,32352,-2147483648,SIN01-VPP1-Infrastructure-Cluster
68,1590087659999,879638016,31888,-2147483648,SIN01-VPP1-Infrastructure-Cluster
69,1590087959999,879653184,32795,-2147483648,SIN01-VPP1-Infrastructure-Cluster
70,1590088259999,879640512,33336,-2147483648,SIN01-VPP1-Infrastructure-Cluster
71,1590088559999,879646656,32850,-2147483648,SIN01-VPP1-Infrastructure-Cluster
72,1590088859999,879650496,31874,-2147483648,SIN01-VPP1-Infrastructure-Cluster
73,1590089159999,879650880,30688,-2147483648,SIN01-VPP1-Infrastructure-Cluster
74,1590089459999,879666432,30165,-2147483648,SIN01-VPP1-Infrastructure-Cluster
75,1590089759999,879672768,33365,-2147483648,SIN01-VPP1-Infrastructure-Cluster
76,1590090059999,879682496,30566,-2147483648,SIN01-VPP1-Infrastructure-Cluster
77,1590090359999,879714240,33187,-2147483648,SIN01-VPP1-Infrastructure-Cluster
78,1590090659999,879756608,37593,-2147483648,SIN01-VPP1-Infrastructure-Cluster
79,1590090959999,879768000,31565,-2147483648,SIN01-VPP1-Infrastructure-Cluster
80,1590091259999,879783424,31922,-2147483648,SIN01-VPP1-Infrastructure-Cluster
81,1590091559999,879804672,32797,-2147483648,SIN01-VPP1-Infrastructure-Cluster
82,1590091859999,879844928,33345,-2147483648,SIN01-VPP1-Infrastructure-Cluster
83,1590092159999,879874176,30608,-2147483648,SIN01-VPP1-Infrastructure-Cluster
84,1590092459999,879874240,31661,-2147483648,SIN01-VPP1-Infrastructure-Cluster
85,1590092759999,879873536,30855,-2147483648,SIN01-VPP1-Infrastructure-Cluster
86,1590093059999,879863744,31350,-2147483648,SIN01-VPP1-Infrastructure-Cluster
87,1590093359999,879866624,31285,-2147483648,SIN01-VPP1-Infrastructure-Cluster
88,1590093659999,879942656,31084,-2147483648,SIN01-VPP1-Infrastructure-Cluster
89,1590093959999,879963712,30321,-2147483648,SIN01-VPP1-Infrastructure-Cluster
90,1590094259999,879988224,30998,-2147483648,SIN01-VPP1-Infrastructure-Cluster
91,1590094559999,879991616,31844,-2147483648,SIN01-VPP1-Infrastructure-Cluster
92,1590094859999,879998912,30940,-2147483648,SIN01-VPP1-Infrastructure-Cluster
93,1590095159999,880023296,32343,-2147483648,SIN01-VPP1-Infrastructure-Cluster
94,1590095459999,880036352,33035,-2147483648,SIN01-VPP1-Infrastructure-Cluster
95,1590095759999,880050432,30667,-2147483648,SIN01-VPP1-Infrastructure-Cluster
96,1590096059999,880056000,30919,-2147483648,SIN01-VPP1-Infrastructure-Cluster
97,1590096359999,880066432,30462,-2147483648,SIN01-VPP1-Infrastructure-Cluster
98,1590096659999,880080960,30667,-2147483648,SIN01-VPP1-Infrastructure-Cluster
99,1590096959999,880096704,30929,-2147483648,SIN01-VPP1-Infrastructure-Cluster
100,1590097259999,880106048,30610,-2147483648,SIN01-VPP1-Infrastructure-Cluster
101,1590097559999,880122944,30455,-2147483648,SIN01-VPP1-Infrastructure-Cluster
102,1590097859999,880145216,30574,-2147483648,SIN01-VPP1-Infrastructure-Cluster
103,1590098159999,880161536,32049,-2147483648,SIN01-VPP1-Infrastructure-Cluster
104,1590098459999,880185408,30041,-2147483648,SIN01-VPP1-Infrastructure-Cluster
105,1590098759999,880213568,32109,-2147483648,SIN01-VPP1-Infrastructure-Cluster
106,1590099059999,880201664,32407,-2147483648,SIN01-VPP1-Infrastructure-Cluster
107,1590099359999,880216256,30297,-2147483648,SIN01-VPP1-Infrastructure-Cluster
108,1590099659999,880234368,31044,-2147483648,SIN01-VPP1-Infrastructure-Cluster
109,1590099959999,880248768,30533,-2147483648,SIN01-VPP1-Infrastructure-Cluster
110,1590100259999,880273792,30293,-2147483648,SIN01-VPP1-Infrastructure-Cluster
111,1590100559999,880291456,30787,-2147483648,SIN01-VPP1-Infrastructure-Cluster
112,1590100859999,880320448,31166,-2147483648,SIN01-VPP1-Infrastructure-Cluster
113,1590101159999,880347200,30337,-2147483648,SIN01-VPP1-Infrastructure-Cluster
114,1590101459999,880366208,31092,-2147483648,SIN01-VPP1-Infrastructure-Cluster
115,1590101759999,880378432,31050,-2147483648,SIN01-VPP1-Infrastructure-Cluster
116,1590102059999,880401408,30557,-2147483648,SIN01-VPP1-Infrastructure-Cluster
117,1590102359999,880426368,33124,-2147483648,SIN01-VPP1-Infrastructure-Cluster
118,1590102659999,880430656,33113,-2147483648,SIN01-VPP1-Infrastructure-Cluster
119,1590102959999,880449600,30346,-2147483648,SIN01-VPP1-Infrastructure-Cluster
120,1590103259999,880466240,30605,-2147483648,SIN01-VPP1-Infrastructure-Cluster
121,1590103559999,880485120,30699,-2147483648,SIN01-VPP1-Infrastructure-Cluster
122,1590103859999,880511808,34174,-2147483648,SIN01-VPP1-Infrastructure-Cluster
123,1590104159999,880535872,35101,-2147483648,SIN01-VPP1-Infrastructure-Cluster
124,1590104459999,880562816,35618,-2147483648,SIN01-VPP1-Infrastructure-Cluster
125,1590104759999,880574528,32628,-2147483648,SIN01-VPP1-Infrastructure-Cluster
126,1590105059999,880588480,31493,-2147483648,SIN01-VPP1-Infrastructure-Cluster
127,1590105359999,880579968,31596,-2147483648,SIN01-VPP1-Infrastructure-Cluster
128,1590105659999,880552832,32047,-2147483648,SIN01-VPP1-Infrastructure-Cluster
129,1590105959999,880573760,34362,-2147483648,SIN01-VPP1-Infrastructure-Cluster
130,1590106259999,880605056,35059,-2147483648,SIN01-VPP1-Infrastructure-Cluster
131,1590106559999,880612928,31405,-2147483648,SIN01-VPP1-Infrastructure-Cluster
132,1590106859999,880641664,33194,-2147483648,SIN01-VPP1-Infrastructure-Cluster
133,1590107159999,880670336,33718,-2147483648,SIN01-VPP1-Infrastructure-Cluster
134,1590107459999,880705472,33414,-2147483648,SIN01-VPP1-Infrastructure-Cluster
135,1590107759999,880721600,33191,-2147483648,SIN01-VPP1-Infrastructure-Cluster
136,1590108059999,880746368,33148,-2147483648,SIN01-VPP1-Infrastructure-Cluster
137,1590108359999,880814784,32694,-2147483648,SIN01-VPP1-Infrastructure-Cluster
138,1590108659999,880832192,32140,-2147483648,SIN01-VPP1-Infrastructure-Cluster
139,1590108959999,880827200,33069,-2147483648,SIN01-VPP1-Infrastructure-Cluster
140,1590109259999,880836096,32437,-2147483648,SIN01-VPP1-Infrastructure-Cluster
141,1590109559999,880867200,34196,-2147483648,SIN01-VPP1-Infrastructure-Cluster
142,1590109859999,880870080,35451,-2147483648,SIN01-VPP1-Infrastructure-Cluster
143,1590110159999,880883584,33138,-2147483648,SIN01-VPP1-Infrastructure-Cluster
144,1590110459999,880909504,31844,-2147483648,SIN01-VPP1-Infrastructure-Cluster
145,1590110759999,880920960,31792,-2147483648,SIN01-VPP1-Infrastructure-Cluster
146,1590111059999,880937664,32141,-2147483648,SIN01-VPP1-Infrastructure-Cluster
147,1590111359999,880934400,32845,-2147483648,SIN01-VPP1-Infrastructure-Cluster
148,1590111659999,880940608,32643,-2147483648,SIN01-VPP1-Infrastructure-Cluster
149,1590111959999,880932160,32276,-2147483648,SIN01-VPP1-Infrastructure-Cluster
150,1590112259999,880936832,33164,-2147483648,SIN01-VPP1-Infrastructure-Cluster
151,1590112559999,880945472,33436,-2147483648,SIN01-VPP1-Infrastructure-Cluster
152,1590112859999,880958848,32941,-2147483648,SIN01-VPP1-Infrastructure-Cluster
153,1590113159999,880987264,34326,-2147483648,SIN01-VPP1-Infrastructure-Cluster
154,1590113459999,882578048,36723,-2147483648,SIN01-VPP1-Infrastructure-Cluster
155,1590113759999,885311936,34320,-2147483648,SIN01-VPP1-Infrastructure-Cluster
156,1590114059999,885129536,32561,-2147483648,SIN01-VPP1-Infrastructure-Cluster
157,1590114359999,884953088,31837,-2147483648,SIN01-VPP1-Infrastructure-Cluster
158,1590114659999,884709440,32647,-2147483648,SIN01-VPP1-Infrastructure-Cluster
159,1590114959999,884325696,33670,-2147483648,SIN01-VPP1-Infrastructure-Cluster
160,1590115259999,883942144,32901,-2147483648,SIN01-VPP1-Infrastructure-Cluster
161,1590115559999,883546240,32675,-2147483648,SIN01-VPP1-Infrastructure-Cluster
162,1590115859999,883072768,32928,-2147483648,SIN01-VPP1-Infrastructure-Cluster
163,1590116159999,882684672,33303,-2147483648,SIN01-VPP1-Infrastructure-Cluster
164,1590116459999,882322816,32928,-2147483648,SIN01-VPP1-Infrastructure-Cluster
165,1590116759999,881859520,35081,-2147483648,SIN01-VPP1-Infrastructure-Cluster
166,1590117059999,881346496,36331,-2147483648,SIN01-VPP1-Infrastructure-Cluster
167,1590117359999,882925056,35773,-2147483648,SIN01-VPP1-Infrastructure-Cluster
168,1590117659999,885568576,34086,-2147483648,SIN01-VPP1-Infrastructure-Cluster
169,1590117959999,885397824,33183,-2147483648,SIN01-VPP1-Infrastructure-Cluster
170,1590118259999,885193920,33436,-2147483648,SIN01-VPP1-Infrastructure-Cluster
171,1590118559999,884945728,34642,-2147483648,SIN01-VPP1-Infrastructure-Cluster
172,1590118859999,884572160,33730,-2147483648,SIN01-VPP1-Infrastructure-Cluster
173,1590119159999,884148672,33707,-2147483648,SIN01-VPP1-Infrastructure-Cluster
174,1590119459999,883699136,33596,-2147483648,SIN01-VPP1-Infrastructure-Cluster
175,1590119759999,883192256,34878,-2147483648,SIN01-VPP1-Infrastructure-Cluster
176,1590120059999,882804224,33672,-2147483648,SIN01-VPP1-Infrastructure-Cluster
177,1590120359999,882453632,37060,-2147483648,SIN01-VPP1-Infrastructure-Cluster
178,1590120659999,883927616,39849,-2147483648,SIN01-VPP1-Infrastructure-Cluster
179,1590120959999,886822400,36382,-2147483648,SIN01-VPP1-Infrastructure-Cluster
180,1590121259999,886659328,33876,-2147483648,SIN01-VPP1-Infrastructure-Cluster
181,1590121559999,886523968,34249,-2147483648,SIN01-VPP1-Infrastructure-Cluster
182,1590121859999,886324288,33461,-2147483648,SIN01-VPP1-Infrastructure-Cluster
183,1590122159999,884799680,37300,-2147483648,SIN01-VPP1-Infrastructure-Cluster
184,1590122459999,878922048,33327,-2147483648,SIN01-VPP1-Infrastructure-Cluster
185,1590122759999,878529024,33126,-2147483648,SIN01-VPP1-Infrastructure-Cluster
186,1590123059999,877980864,33372,-2147483648,SIN01-VPP1-Infrastructure-Cluster
187,1590123359999,877535680,33227,-2147483648,SIN01-VPP1-Infrastructure-Cluster
188,1590123659999,877073920,32927,-2147483648,SIN01-VPP1-Infrastructure-Cluster
189,1590123959999,876515456,34876,-2147483648,SIN01-VPP1-Infrastructure-Cluster
190,1590124259999,875871808,36088,-2147483648,SIN01-VPP1-Infrastructure-Cluster
191,1590124559999,875585216,35873,-2147483648,SIN01-VPP1-Infrastructure-Cluster
192,1590124859999,875455488,33200,-2147483648,SIN01-VPP1-Infrastructure-Cluster
193,1590125159999,874864576,32431,-2147483648,SIN01-VPP1-Infrastructure-Cluster
194,1590125459999,874551808,32642,-2147483648,SIN01-VPP1-Infrastructure-Cluster
195,1590125759999,874171456,33914,-2147483648,SIN01-VPP1-Infrastructure-Cluster
196,1590126059999,873973440,32936,-2147483648,SIN01-VPP1-Infrastructure-Cluster
197,1590126359999,873830016,33037,-2147483648,SIN01-VPP1-Infrastructure-Cluster
198,1590126659999,873772224,33128,-2147483648,SIN01-VPP1-Infrastructure-Cluster
199,1590126959999,873802880,33893,-2147483648,SIN01-VPP1-Infrastructure-Cluster
200,1590127259999,873804864,33075,-2147483648,SIN01-VPP1-Infrastructure-Cluster
201,1590127559999,873890752,35613,-2147483648,SIN01-VPP1-Infrastructure-Cluster
202,1590127859999,873962944,36732,-2147483648,SIN01-VPP1-Infrastructure-Cluster
203,1590128159999,874037888,36386,-2147483648,SIN01-VPP1-Infrastructure-Cluster
204,1590128459999,874750592,34383,-2147483648,SIN01-VPP1-Infrastructure-Cluster
205,1590128759999,875170048,33092,-2147483648,SIN01-VPP1-Infrastructure-Cluster
206,1590129059999,875311616,32790,-2147483648,SIN01-VPP1-Infrastructure-Cluster
207,1590129359999,875388352,34165,-2147483648,SIN01-VPP1-Infrastructure-Cluster
208,1590129659999,875425728,33515,-2147483648,SIN01-VPP1-Infrastructure-Cluster
209,1590129959999,877559232,33001,-2147483648,SIN01-VPP1-Infrastructure-Cluster
210,1590130259999,881708352,32528,-2147483648,SIN01-VPP1-Infrastructure-Cluster
211,1590130559999,881706880,33501,-2147483648,SIN01-VPP1-Infrastructure-Cluster
212,1590130859999,881702272,33687,-2147483648,SIN01-VPP1-Infrastructure-Cluster
213,1590131159999,881731904,36309,-2147483648,SIN01-VPP1-Infrastructure-Cluster
214,1590131459999,879381632,38093,-2147483648,SIN01-VPP1-Infrastructure-Cluster
215,1590131759999,875226112,35847,-2147483648,SIN01-VPP1-Infrastructure-Cluster
216,1590132059999,875462528,33714,-2147483648,SIN01-VPP1-Infrastructure-Cluster
217,1590132359999,875637696,32359,-2147483648,SIN01-VPP1-Infrastructure-Cluster
218,1590132659999,875984448,32440,-2147483648,SIN01-VPP1-Infrastructure-Cluster
219,1590132959999,876211712,33941,-2147483648,SIN01-VPP1-Infrastructure-Cluster
220,1590133259999,876262656,32454,-2147483648,SIN01-VPP1-Infrastructure-Cluster
221,1590133559999,876163200,32114,-2147483648,SIN01-VPP1-Infrastructure-Cluster
222,1590133859999,876033728,32055,-2147483648,SIN01-VPP1-Infrastructure-Cluster
223,1590134159999,875884928,32909,-2147483648,SIN01-VPP1-Infrastructure-Cluster
224,1590134459999,875775680,32176,-2147483648,SIN01-VPP1-Infrastructure-Cluster
225,1590134759999,875704256,34686,-2147483648,SIN01-VPP1-Infrastructure-Cluster
226,1590135059999,876726528,36221,-2147483648,SIN01-VPP1-Infrastructure-Cluster
227,1590135359999,875210880,34721,-2147483648,SIN01-VPP1-Infrastructure-Cluster
228,1590135659999,880208000,32328,-2147483648,SIN01-VPP1-Infrastructure-Cluster
229,1590135959999,881859392,33198,-2147483648,SIN01-VPP1-Infrastructure-Cluster
230,1590136259999,881946752,32790,-2147483648,SIN01-VPP1-Infrastructure-Cluster
231,1590136559999,881976832,34951,-2147483648,SIN01-VPP1-Infrastructure-Cluster
232,1590136859999,881996800,32214,-2147483648,SIN01-VPP1-Infrastructure-Cluster
233,1590137159999,882004736,32487,-2147483648,SIN01-VPP1-Infrastructure-Cluster
234,1590137459999,882008512,32759,-2147483648,SIN01-VPP1-Infrastructure-Cluster
235,1590137759999,882011328,33281,-2147483648,SIN01-VPP1-Infrastructure-Cluster
236,1590138059999,882021056,33704,-2147483648,SIN01-VPP1-Infrastructure-Cluster
237,1590138359999,882038976,35868,-2147483648,SIN01-VPP1-Infrastructure-Cluster
238,1590138659999,882044800,36196,-2147483648,SIN01-VPP1-Infrastructure-Cluster
239,1590138959999,882054656,34150,-2147483648,SIN01-VPP1-Infrastructure-Cluster
240,1590139259999,882068992,32333,-2147483648,SIN01-VPP1-Infrastructure-Cluster
241,1590139559999,882058624,33003,-2147483648,SIN01-VPP1-Infrastructure-Cluster
242,1590139859999,882057408,32675,-2147483648,SIN01-VPP1-Infrastructure-Cluster
243,1590140159999,882067392,33203,-2147483648,SIN01-VPP1-Infrastructure-Cluster
244,1590140459999,882058112,33917,-2147483648,SIN01-VPP1-Infrastructure-Cluster
245,1590140759999,882049536,33165,-2147483648,SIN01-VPP1-Infrastructure-Cluster
246,1590141059999,882047616,32727,-2147483648,SIN01-VPP1-Infrastructure-Cluster
247,1590141359999,882061760,32254,-2147483648,SIN01-VPP1-Infrastructure-Cluster
248,1590141659999,882091200,32773,-2147483648,SIN01-VPP1-Infrastructure-Cluster
249,1590141959999,882146304,35612,-2147483648,SIN01-VPP1-Infrastructure-Cluster
250,1590142259999,882321792,36413,-2147483648,SIN01-VPP1-Infrastructure-Cluster
251,1590142559999,882355712,34772,-2147483648,SIN01-VPP1-Infrastructure-Cluster
252,1590142859999,882372288,33103,-2147483648,SIN01-VPP1-Infrastructure-Cluster
253,1590143159999,882383488,32470,-2147483648,SIN01-VPP1-Infrastructure-Cluster
254,1590143459999,882398208,32871,-2147483648,SIN01-VPP1-Infrastructure-Cluster
255,1590143759999,882422720,35887,-2147483648,SIN01-VPP1-Infrastructure-Cluster
256,1590144059999,882476864,40203,-2147483648,SIN01-VPP1-Infrastructure-Cluster
257,1590144359999,882511488,45056,-2147483648,SIN01-VPP1-Infrastructure-Cluster
258,1590144659999,886646528,43158,-2147483648,SIN01-VPP1-Infrastructure-Cluster
259,1590144959999,893319296,43575,-2147483648,SIN01-VPP1-Infrastructure-Cluster
260,1590145259999,892367040,41704,-2147483648,SIN01-VPP1-Infrastructure-Cluster
261,1590145559999,891180160,43295,-2147483648,SIN01-VPP1-Infrastructure-Cluster
262,1590145859999,889899904,45155,-2147483648,SIN01-VPP1-Infrastructure-Cluster
263,1590146159999,888480704,44207,-2147483648,SIN01-VPP1-Infrastructure-Cluster
264,1590146459999,887031040,40545,-2147483648,SIN01-VPP1-Infrastructure-Cluster
265,1590146759999,885603392,42422,-2147483648,SIN01-VPP1-Infrastructure-Cluster
266,1590147059999,884420288,40581,-2147483648,SIN01-VPP1-Infrastructure-Cluster
267,1590147359999,883995392,43300,-2147483648,SIN01-VPP1-Infrastructure-Cluster
268,1590147659999,883634496,44260,-2147483648,SIN01-VPP1-Infrastructure-Cluster
269,1590147959999,883114624,42300,-2147483648,SIN01-VPP1-Infrastructure-Cluster
270,1590148259999,882575872,42037,-2147483648,SIN01-VPP1-Infrastructure-Cluster
271,1590148559999,882415744,43766,-2147483648,SIN01-VPP1-Infrastructure-Cluster
272,1590148859999,882350976,43799,-2147483648,SIN01-VPP1-Infrastructure-Cluster
273,1590149159999,881915136,48216,-2147483648,SIN01-VPP1-Infrastructure-Cluster
274,1590149459999,881688256,42976,-2147483648,SIN01-VPP1-Infrastructure-Cluster
275,1590149759999,881459008,43075,-2147483648,SIN01-VPP1-Infrastructure-Cluster
276,1590150059999,881404992,53330,-2147483648,SIN01-VPP1-Infrastructure-Cluster
277,1590150359999,881440128,55312,-2147483648,SIN01-VPP1-Infrastructure-Cluster
278,1590150659999,881457408,45843,-2147483648,SIN01-VPP1-Infrastructure-Cluster
279,1590150959999,881535296,40480,-2147483648,SIN01-VPP1-Infrastructure-Cluster
280,1590151259999,881576576,41178,-2147483648,SIN01-VPP1-Infrastructure-Cluster
281,1590151559999,881564480,37795,-2147483648,SIN01-VPP1-Infrastructure-Cluster
282,1590151859999,881583168,38362,-2147483648,SIN01-VPP1-Infrastructure-Cluster
283,1590152159999,881593088,44205,-2147483648,SIN01-VPP1-Infrastructure-Cluster
284,1590152459999,881593280,45354,-2147483648,SIN01-VPP1-Infrastructure-Cluster
285,1590152759999,881592832,46625,-2147483648,SIN01-VPP1-Infrastructure-Cluster
286,1590153059999,881562816,45166,-2147483648,SIN01-VPP1-Infrastructure-Cluster
287,1590153359999,881580352,44580,-2147483648,SIN01-VPP1-Infrastructure-Cluster
