,timestamps,mem,cpu,disk,clustername
0,1590067139999,90280296,3671,-2147483648,SJC02-DC3-BTS-Management-Cluster
1,1590067439999,90265664,4203,-2147483648,SJC02-DC3-BTS-Management-Cluster
2,1590067739999,90267128,4002,-2147483648,SJC02-DC3-BTS-Management-Cluster
3,1590068039999,90266360,3663,-2147483648,SJC02-DC3-BTS-Management-Cluster
4,1590068339999,90270080,3576,-2147483648,SJC02-DC3-BTS-Management-Cluster
5,1590068639999,90269848,6030,-2147483648,SJC02-DC3-BTS-Management-Cluster
6,1590068939999,90272904,8434,-2147483648,SJC02-DC3-BTS-Management-Cluster
7,1590069239999,90274696,6234,-2147483648,SJC02-DC3-BTS-Management-Cluster
8,1590069539999,90276976,5992,-2147483648,SJC02-DC3-BTS-Management-Cluster
9,1590069839999,90276928,4278,-2147483648,SJC02-DC3-BTS-Management-Cluster
10,1590070139999,90285344,3617,-2147483648,SJC02-DC3-BTS-Management-Cluster
11,1590070439999,90267952,5937,-2147483648,SJC02-DC3-BTS-Management-Cluster
12,1590070739999,90266096,8414,-2147483648,SJC02-DC3-BTS-Management-Cluster
13,1590071039999,90266256,8711,-2147483648,SJC02-DC3-BTS-Management-Cluster
14,1590071339999,90269800,11022,-2147483648,SJC02-DC3-BTS-Management-Cluster
15,1590071639999,90267080,8888,-2147483648,SJC02-DC3-BTS-Management-Cluster
16,1590071939999,90272320,8558,-2147483648,SJC02-DC3-BTS-Management-Cluster
17,1590072239999,90271696,6428,-2147483648,SJC02-DC3-BTS-Management-Cluster
18,1590072539999,90273504,8352,-2147483648,SJC02-DC3-BTS-Management-Cluster
19,1590072839999,90274904,6291,-2147483648,SJC02-DC3-BTS-Management-Cluster
20,1590073139999,90277968,5540,-2147483648,SJC02-DC3-BTS-Management-Cluster
21,1590073439999,90278640,4312,-2147483648,SJC02-DC3-BTS-Management-Cluster
22,1590073739999,90290720,3620,-2147483648,SJC02-DC3-BTS-Management-Cluster
23,1590074039999,90270416,3584,-2147483648,SJC02-DC3-BTS-Management-Cluster
24,1590074339999,90268768,3656,-2147483648,SJC02-DC3-BTS-Management-Cluster
25,1590074639999,90268848,3954,-2147483648,SJC02-DC3-BTS-Management-Cluster
26,1590074939999,90271512,3609,-2147483648,SJC02-DC3-BTS-Management-Cluster
27,1590075239999,90271824,3686,-2147483648,SJC02-DC3-BTS-Management-Cluster
28,1590075539999,90274536,3576,-2147483648,SJC02-DC3-BTS-Management-Cluster
29,1590075839999,90274632,3803,-2147483648,SJC02-DC3-BTS-Management-Cluster
30,1590076139999,90278712,3698,-2147483648,SJC02-DC3-BTS-Management-Cluster
31,1590076439999,90277816,4014,-2147483648,SJC02-DC3-BTS-Management-Cluster
32,1590076739999,90271744,4224,-2147483648,SJC02-DC3-BTS-Management-Cluster
33,1590077039999,90264848,3882,-2147483648,SJC02-DC3-BTS-Management-Cluster
34,1590077339999,90274144,3656,-2147483648,SJC02-DC3-BTS-Management-Cluster
35,1590077639999,90267184,3632,-2147483648,SJC02-DC3-BTS-Management-Cluster
36,1590077939999,90269968,3702,-2147483648,SJC02-DC3-BTS-Management-Cluster
37,1590078239999,90269592,3930,-2147483648,SJC02-DC3-BTS-Management-Cluster
38,1590078539999,90271360,4012,-2147483648,SJC02-DC3-BTS-Management-Cluster
39,1590078839999,90269824,3687,-2147483648,SJC02-DC3-BTS-Management-Cluster
40,1590079139999,90276592,3571,-2147483648,SJC02-DC3-BTS-Management-Cluster
41,1590079439999,90275136,6001,-2147483648,SJC02-DC3-BTS-Management-Cluster
42,1590079739999,90278456,5823,-2147483648,SJC02-DC3-BTS-Management-Cluster
43,1590080039999,90278232,5878,-2147483648,SJC02-DC3-BTS-Management-Cluster
44,1590080339999,90282040,8422,-2147483648,SJC02-DC3-BTS-Management-Cluster
45,1590080639999,90270944,9102,-2147483648,SJC02-DC3-BTS-Management-Cluster
46,1590080939999,90275232,8650,-2147483648,SJC02-DC3-BTS-Management-Cluster
47,1590081239999,90267760,6244,-2147483648,SJC02-DC3-BTS-Management-Cluster
48,1590081539999,90272040,5850,-2147483648,SJC02-DC3-BTS-Management-Cluster
49,1590081839999,90270976,3896,-2147483648,SJC02-DC3-BTS-Management-Cluster
50,1590082139999,90276416,4001,-2147483648,SJC02-DC3-BTS-Management-Cluster
51,1590082439999,90274624,4135,-2147483648,SJC02-DC3-BTS-Management-Cluster
52,1590082739999,90279024,3559,-2147483648,SJC02-DC3-BTS-Management-Cluster
53,1590083039999,90275824,3816,-2147483648,SJC02-DC3-BTS-Management-Cluster
54,1590083339999,90265392,5812,-2147483648,SJC02-DC3-BTS-Management-Cluster
55,1590083639999,90264496,6619,-2147483648,SJC02-DC3-BTS-Management-Cluster
56,1590083939999,90266736,6012,-2147483648,SJC02-DC3-BTS-Management-Cluster
57,1590084239999,90266848,3792,-2147483648,SJC02-DC3-BTS-Management-Cluster
58,1590084539999,90275136,3624,-2147483648,SJC02-DC3-BTS-Management-Cluster
59,1590084839999,90269504,3677,-2147483648,SJC02-DC3-BTS-Management-Cluster
60,1590085139999,90271984,3659,-2147483648,SJC02-DC3-BTS-Management-Cluster
61,1590085439999,90273480,4140,-2147483648,SJC02-DC3-BTS-Management-Cluster
62,1590085739999,90275712,3669,-2147483648,SJC02-DC3-BTS-Management-Cluster
63,1590086039999,90275056,4104,-2147483648,SJC02-DC3-BTS-Management-Cluster
64,1590086339999,90279376,3556,-2147483648,SJC02-DC3-BTS-Management-Cluster
65,1590086639999,90277688,3835,-2147483648,SJC02-DC3-BTS-Management-Cluster
66,1590086939999,90281352,3721,-2147483648,SJC02-DC3-BTS-Management-Cluster
67,1590087239999,90274488,3956,-2147483648,SJC02-DC3-BTS-Management-Cluster
68,1590087539999,90268624,3776,-2147483648,SJC02-DC3-BTS-Management-Cluster
69,1590087839999,90270200,4231,-2147483648,SJC02-DC3-BTS-Management-Cluster
70,1590088139999,90276992,3632,-2147483648,SJC02-DC3-BTS-Management-Cluster
71,1590088439999,90271128,5789,-2147483648,SJC02-DC3-BTS-Management-Cluster
72,1590088739999,90274472,6196,-2147483648,SJC02-DC3-BTS-Management-Cluster
73,1590089039999,90274016,6017,-2147483648,SJC02-DC3-BTS-Management-Cluster
74,1590089339999,90278624,8458,-2147483648,SJC02-DC3-BTS-Management-Cluster
75,1590089639999,90269408,8895,-2147483648,SJC02-DC3-BTS-Management-Cluster
76,1590089939999,90265568,8552,-2147483648,SJC02-DC3-BTS-Management-Cluster
77,1590090239999,90264608,8581,-2147483648,SJC02-DC3-BTS-Management-Cluster
78,1590090539999,90267456,8503,-2147483648,SJC02-DC3-BTS-Management-Cluster
79,1590090839999,90266760,4030,-2147483648,SJC02-DC3-BTS-Management-Cluster
80,1590091139999,90270416,4020,-2147483648,SJC02-DC3-BTS-Management-Cluster
81,1590091439999,90270416,3884,-2147483648,SJC02-DC3-BTS-Management-Cluster
82,1590091739999,90279584,3640,-2147483648,SJC02-DC3-BTS-Management-Cluster
83,1590092039999,90271568,3667,-2147483648,SJC02-DC3-BTS-Management-Cluster
84,1590092339999,90274704,3672,-2147483648,SJC02-DC3-BTS-Management-Cluster
85,1590092639999,90274936,3749,-2147483648,SJC02-DC3-BTS-Management-Cluster
86,1590092939999,90278520,4061,-2147483648,SJC02-DC3-BTS-Management-Cluster
87,1590093239999,90278776,4089,-2147483648,SJC02-DC3-BTS-Management-Cluster
88,1590093539999,90283352,3579,-2147483648,SJC02-DC3-BTS-Management-Cluster
89,1590093839999,90272336,3683,-2147483648,SJC02-DC3-BTS-Management-Cluster
90,1590094139999,90270880,3653,-2147483648,SJC02-DC3-BTS-Management-Cluster
91,1590094439999,90268616,3735,-2147483648,SJC02-DC3-BTS-Management-Cluster
92,1590094739999,90272312,4095,-2147483648,SJC02-DC3-BTS-Management-Cluster
93,1590095039999,90273336,3917,-2147483648,SJC02-DC3-BTS-Management-Cluster
94,1590095339999,90286024,3589,-2147483648,SJC02-DC3-BTS-Management-Cluster
95,1590095639999,90275952,3626,-2147483648,SJC02-DC3-BTS-Management-Cluster
96,1590095939999,90279464,3831,-2147483648,SJC02-DC3-BTS-Management-Cluster
97,1590096239999,90264672,3770,-2147483648,SJC02-DC3-BTS-Management-Cluster
98,1590096539999,90266832,3642,-2147483648,SJC02-DC3-BTS-Management-Cluster
99,1590096839999,90264872,3607,-2147483648,SJC02-DC3-BTS-Management-Cluster
100,1590097139999,90268256,3716,-2147483648,SJC02-DC3-BTS-Management-Cluster
101,1590097439999,90267616,3700,-2147483648,SJC02-DC3-BTS-Management-Cluster
102,1590097739999,90270240,5786,-2147483648,SJC02-DC3-BTS-Management-Cluster
103,1590098039999,90269512,8429,-2147483648,SJC02-DC3-BTS-Management-Cluster
104,1590098339999,90272384,11191,-2147483648,SJC02-DC3-BTS-Management-Cluster
105,1590098639999,90272632,9021,-2147483648,SJC02-DC3-BTS-Management-Cluster
106,1590098939999,90283824,8645,-2147483648,SJC02-DC3-BTS-Management-Cluster
107,1590099239999,90276320,6272,-2147483648,SJC02-DC3-BTS-Management-Cluster
108,1590099539999,90278176,5902,-2147483648,SJC02-DC3-BTS-Management-Cluster
109,1590099839999,90278688,4029,-2147483648,SJC02-DC3-BTS-Management-Cluster
110,1590100139999,90283856,3623,-2147483648,SJC02-DC3-BTS-Management-Cluster
111,1590100439999,90275336,3618,-2147483648,SJC02-DC3-BTS-Management-Cluster
112,1590100739999,90272160,3663,-2147483648,SJC02-DC3-BTS-Management-Cluster
113,1590101039999,90271536,3721,-2147483648,SJC02-DC3-BTS-Management-Cluster
114,1590101339999,90274256,3561,-2147483648,SJC02-DC3-BTS-Management-Cluster
115,1590101639999,90274440,3915,-2147483648,SJC02-DC3-BTS-Management-Cluster
116,1590101939999,90278328,3761,-2147483648,SJC02-DC3-BTS-Management-Cluster
117,1590102239999,90277144,3816,-2147483648,SJC02-DC3-BTS-Management-Cluster
118,1590102539999,90274536,3589,-2147483648,SJC02-DC3-BTS-Management-Cluster
119,1590102839999,90263624,3758,-2147483648,SJC02-DC3-BTS-Management-Cluster
120,1590103139999,90266640,3803,-2147483648,SJC02-DC3-BTS-Management-Cluster
121,1590103439999,90264920,3830,-2147483648,SJC02-DC3-BTS-Management-Cluster
122,1590103739999,90269384,3721,-2147483648,SJC02-DC3-BTS-Management-Cluster
123,1590104039999,90267848,4140,-2147483648,SJC02-DC3-BTS-Management-Cluster
124,1590104339999,90269992,3740,-2147483648,SJC02-DC3-BTS-Management-Cluster
125,1590104639999,90269168,3738,-2147483648,SJC02-DC3-BTS-Management-Cluster
126,1590104939999,90271840,3720,-2147483648,SJC02-DC3-BTS-Management-Cluster
127,1590105239999,90273216,3750,-2147483648,SJC02-DC3-BTS-Management-Cluster
128,1590105539999,90276168,3804,-2147483648,SJC02-DC3-BTS-Management-Cluster
129,1590105839999,90275872,4302,-2147483648,SJC02-DC3-BTS-Management-Cluster
130,1590106139999,90285624,3769,-2147483648,SJC02-DC3-BTS-Management-Cluster
131,1590106439999,90278976,6204,-2147483648,SJC02-DC3-BTS-Management-Cluster
132,1590106739999,90282096,8471,-2147483648,SJC02-DC3-BTS-Management-Cluster
133,1590107039999,90276264,8587,-2147483648,SJC02-DC3-BTS-Management-Cluster
134,1590107339999,90269032,8581,-2147483648,SJC02-DC3-BTS-Management-Cluster
135,1590107639999,90269416,6350,-2147483648,SJC02-DC3-BTS-Management-Cluster
136,1590107939999,90272240,5717,-2147483648,SJC02-DC3-BTS-Management-Cluster
137,1590108239999,90273696,6062,-2147483648,SJC02-DC3-BTS-Management-Cluster
138,1590108539999,90278096,6269,-2147483648,SJC02-DC3-BTS-Management-Cluster
139,1590108839999,90274544,4215,-2147483648,SJC02-DC3-BTS-Management-Cluster
140,1590109139999,90264216,3619,-2147483648,SJC02-DC3-BTS-Management-Cluster
141,1590109439999,90265488,3683,-2147483648,SJC02-DC3-BTS-Management-Cluster
142,1590109739999,90272648,3562,-2147483648,SJC02-DC3-BTS-Management-Cluster
143,1590110039999,90265624,6157,-2147483648,SJC02-DC3-BTS-Management-Cluster
144,1590110339999,90267448,6202,-2147483648,SJC02-DC3-BTS-Management-Cluster
145,1590110639999,90268072,4015,-2147483648,SJC02-DC3-BTS-Management-Cluster
146,1590110939999,90269632,3658,-2147483648,SJC02-DC3-BTS-Management-Cluster
147,1590111239999,90270424,4099,-2147483648,SJC02-DC3-BTS-Management-Cluster
148,1590111539999,90272496,3697,-2147483648,SJC02-DC3-BTS-Management-Cluster
149,1590111839999,90273192,3707,-2147483648,SJC02-DC3-BTS-Management-Cluster
150,1590112139999,90275888,6035,-2147483648,SJC02-DC3-BTS-Management-Cluster
151,1590112439999,90276984,6253,-2147483648,SJC02-DC3-BTS-Management-Cluster
152,1590112739999,90279440,6037,-2147483648,SJC02-DC3-BTS-Management-Cluster
153,1590113039999,90280496,3797,-2147483648,SJC02-DC3-BTS-Management-Cluster
154,1590113339999,90291328,3553,-2147483648,SJC02-DC3-BTS-Management-Cluster
155,1590113639999,90275688,3582,-2147483648,SJC02-DC3-BTS-Management-Cluster
156,1590113939999,90269640,3799,-2147483648,SJC02-DC3-BTS-Management-Cluster
157,1590114239999,90270016,3720,-2147483648,SJC02-DC3-BTS-Management-Cluster
158,1590114539999,90275240,3611,-2147483648,SJC02-DC3-BTS-Management-Cluster
159,1590114839999,90274752,3631,-2147483648,SJC02-DC3-BTS-Management-Cluster
160,1590115139999,90278120,3705,-2147483648,SJC02-DC3-BTS-Management-Cluster
161,1590115439999,90266672,6070,-2147483648,SJC02-DC3-BTS-Management-Cluster
162,1590115739999,90261608,6031,-2147483648,SJC02-DC3-BTS-Management-Cluster
163,1590116039999,90265016,5994,-2147483648,SJC02-DC3-BTS-Management-Cluster
164,1590116339999,90265064,8804,-2147483648,SJC02-DC3-BTS-Management-Cluster
165,1590116639999,90266120,8935,-2147483648,SJC02-DC3-BTS-Management-Cluster
166,1590116939999,90276072,8348,-2147483648,SJC02-DC3-BTS-Management-Cluster
167,1590117239999,90267848,6210,-2147483648,SJC02-DC3-BTS-Management-Cluster
168,1590117539999,90268152,5834,-2147483648,SJC02-DC3-BTS-Management-Cluster
169,1590117839999,90270488,3744,-2147483648,SJC02-DC3-BTS-Management-Cluster
170,1590118139999,90270928,4083,-2147483648,SJC02-DC3-BTS-Management-Cluster
171,1590118439999,90273864,3666,-2147483648,SJC02-DC3-BTS-Management-Cluster
172,1590118739999,90273224,3704,-2147483648,SJC02-DC3-BTS-Management-Cluster
173,1590119039999,90276192,3704,-2147483648,SJC02-DC3-BTS-Management-Cluster
174,1590119339999,90279320,3640,-2147483648,SJC02-DC3-BTS-Management-Cluster
175,1590119639999,90281352,3607,-2147483648,SJC02-DC3-BTS-Management-Cluster
176,1590119939999,90284728,4253,-2147483648,SJC02-DC3-BTS-Management-Cluster
177,1590120239999,90284896,4220,-2147483648,SJC02-DC3-BTS-Management-Cluster
178,1590120539999,90280808,3583,-2147483648,SJC02-DC3-BTS-Management-Cluster
179,1590120839999,90271752,6024,-2147483648,SJC02-DC3-BTS-Management-Cluster
180,1590121139999,90274112,5795,-2147483648,SJC02-DC3-BTS-Management-Cluster
181,1590121439999,90274120,3784,-2147483648,SJC02-DC3-BTS-Management-Cluster
182,1590121739999,90271936,3618,-2147483648,SJC02-DC3-BTS-Management-Cluster
183,1590122039999,90263568,3705,-2147483648,SJC02-DC3-BTS-Management-Cluster
184,1590122339999,90263768,3715,-2147483648,SJC02-DC3-BTS-Management-Cluster
185,1590122639999,90264560,3651,-2147483648,SJC02-DC3-BTS-Management-Cluster
186,1590122939999,90266480,3624,-2147483648,SJC02-DC3-BTS-Management-Cluster
187,1590123239999,90267584,3580,-2147483648,SJC02-DC3-BTS-Management-Cluster
188,1590123539999,90267616,4232,-2147483648,SJC02-DC3-BTS-Management-Cluster
189,1590123839999,90270224,3644,-2147483648,SJC02-DC3-BTS-Management-Cluster
190,1590124139999,90277768,3658,-2147483648,SJC02-DC3-BTS-Management-Cluster
191,1590124439999,90272728,3701,-2147483648,SJC02-DC3-BTS-Management-Cluster
192,1590124739999,90272032,6118,-2147483648,SJC02-DC3-BTS-Management-Cluster
193,1590125039999,90273480,6698,-2147483648,SJC02-DC3-BTS-Management-Cluster
194,1590125339999,90275096,6386,-2147483648,SJC02-DC3-BTS-Management-Cluster
195,1590125639999,90278144,4140,-2147483648,SJC02-DC3-BTS-Management-Cluster
196,1590125939999,90279832,3697,-2147483648,SJC02-DC3-BTS-Management-Cluster
197,1590126239999,90282016,6064,-2147483648,SJC02-DC3-BTS-Management-Cluster
198,1590126539999,90284872,5677,-2147483648,SJC02-DC3-BTS-Management-Cluster
199,1590126839999,90284768,3643,-2147483648,SJC02-DC3-BTS-Management-Cluster
200,1590127139999,90271744,3763,-2147483648,SJC02-DC3-BTS-Management-Cluster
201,1590127439999,90273800,4158,-2147483648,SJC02-DC3-BTS-Management-Cluster
202,1590127739999,90282672,3595,-2147483648,SJC02-DC3-BTS-Management-Cluster
203,1590128039999,90274480,3696,-2147483648,SJC02-DC3-BTS-Management-Cluster
204,1590128339999,90264960,3724,-2147483648,SJC02-DC3-BTS-Management-Cluster
205,1590128639999,90263536,3758,-2147483648,SJC02-DC3-BTS-Management-Cluster
206,1590128939999,90264696,3659,-2147483648,SJC02-DC3-BTS-Management-Cluster
207,1590129239999,90265168,3684,-2147483648,SJC02-DC3-BTS-Management-Cluster
208,1590129539999,90266376,3660,-2147483648,SJC02-DC3-BTS-Management-Cluster
209,1590129839999,90267104,3729,-2147483648,SJC02-DC3-BTS-Management-Cluster
210,1590130139999,90268160,3740,-2147483648,SJC02-DC3-BTS-Management-Cluster
211,1590130439999,90273088,3665,-2147483648,SJC02-DC3-BTS-Management-Cluster
212,1590130739999,90270688,3780,-2147483648,SJC02-DC3-BTS-Management-Cluster
213,1590131039999,90271944,3768,-2147483648,SJC02-DC3-BTS-Management-Cluster
214,1590131339999,90280472,3660,-2147483648,SJC02-DC3-BTS-Management-Cluster
215,1590131639999,90274536,3600,-2147483648,SJC02-DC3-BTS-Management-Cluster
216,1590131939999,90275584,3784,-2147483648,SJC02-DC3-BTS-Management-Cluster
217,1590132239999,90278296,6055,-2147483648,SJC02-DC3-BTS-Management-Cluster
218,1590132539999,90279448,6240,-2147483648,SJC02-DC3-BTS-Management-Cluster
219,1590132839999,90282128,6296,-2147483648,SJC02-DC3-BTS-Management-Cluster
220,1590133139999,90283216,5770,-2147483648,SJC02-DC3-BTS-Management-Cluster
221,1590133439999,90283424,3752,-2147483648,SJC02-DC3-BTS-Management-Cluster
222,1590133739999,90272784,3592,-2147483648,SJC02-DC3-BTS-Management-Cluster
223,1590134039999,90273448,3597,-2147483648,SJC02-DC3-BTS-Management-Cluster
224,1590134339999,90275288,4221,-2147483648,SJC02-DC3-BTS-Management-Cluster
225,1590134639999,90269840,4167,-2147483648,SJC02-DC3-BTS-Management-Cluster
226,1590134939999,90271712,3576,-2147483648,SJC02-DC3-BTS-Management-Cluster
227,1590135239999,90264512,3654,-2147483648,SJC02-DC3-BTS-Management-Cluster
228,1590135539999,90264816,3830,-2147483648,SJC02-DC3-BTS-Management-Cluster
229,1590135839999,90264896,4025,-2147483648,SJC02-DC3-BTS-Management-Cluster
230,1590136139999,90265512,3624,-2147483648,SJC02-DC3-BTS-Management-Cluster
231,1590136439999,90267656,3698,-2147483648,SJC02-DC3-BTS-Management-Cluster
232,1590136739999,90269032,3723,-2147483648,SJC02-DC3-BTS-Management-Cluster
233,1590137039999,90270560,6044,-2147483648,SJC02-DC3-BTS-Management-Cluster
234,1590137339999,90270976,8412,-2147483648,SJC02-DC3-BTS-Management-Cluster
235,1590137639999,90273240,6281,-2147483648,SJC02-DC3-BTS-Management-Cluster
236,1590137939999,90272368,6106,-2147483648,SJC02-DC3-BTS-Management-Cluster
237,1590138239999,90276512,4162,-2147483648,SJC02-DC3-BTS-Management-Cluster
238,1590138539999,90282752,3577,-2147483648,SJC02-DC3-BTS-Management-Cluster
239,1590138839999,90277456,3646,-2147483648,SJC02-DC3-BTS-Management-Cluster
240,1590139139999,90278592,6170,-2147483648,SJC02-DC3-BTS-Management-Cluster
241,1590139439999,90281944,6372,-2147483648,SJC02-DC3-BTS-Management-Cluster
242,1590139739999,90283120,5370,-2147483648,SJC02-DC3-BTS-Management-Cluster
243,1590140039999,90285544,3741,-2147483648,SJC02-DC3-BTS-Management-Cluster
244,1590140339999,90278008,3776,-2147483648,SJC02-DC3-BTS-Management-Cluster
245,1590140639999,90274240,6047,-2147483648,SJC02-DC3-BTS-Management-Cluster
246,1590140939999,90274520,8520,-2147483648,SJC02-DC3-BTS-Management-Cluster
247,1590141239999,90263824,6181,-2147483648,SJC02-DC3-BTS-Management-Cluster
248,1590141539999,90262304,8417,-2147483648,SJC02-DC3-BTS-Management-Cluster
249,1590141839999,90264392,6403,-2147483648,SJC02-DC3-BTS-Management-Cluster
250,1590142139999,90269232,6253,-2147483648,SJC02-DC3-BTS-Management-Cluster
251,1590142439999,90264776,6213,-2147483648,SJC02-DC3-BTS-Management-Cluster
252,1590142739999,90266000,5035,-2147483648,SJC02-DC3-BTS-Management-Cluster
253,1590143039999,90266032,3770,-2147483648,SJC02-DC3-BTS-Management-Cluster
254,1590143339999,90268728,3680,-2147483648,SJC02-DC3-BTS-Management-Cluster
255,1590143639999,90270104,4193,-2147483648,SJC02-DC3-BTS-Management-Cluster
256,1590143939999,90270008,3738,-2147483648,SJC02-DC3-BTS-Management-Cluster
257,1590144239999,90271888,3764,-2147483648,SJC02-DC3-BTS-Management-Cluster
258,1590144539999,90271640,6013,-2147483648,SJC02-DC3-BTS-Management-Cluster
259,1590144839999,90275352,6262,-2147483648,SJC02-DC3-BTS-Management-Cluster
260,1590145139999,90276248,5990,-2147483648,SJC02-DC3-BTS-Management-Cluster
261,1590145439999,90278384,4219,-2147483648,SJC02-DC3-BTS-Management-Cluster
262,1590145739999,90287184,3594,-2147483648,SJC02-DC3-BTS-Management-Cluster
263,1590146039999,90281968,3544,-2147483648,SJC02-DC3-BTS-Management-Cluster
264,1590146339999,90284984,3803,-2147483648,SJC02-DC3-BTS-Management-Cluster
265,1590146639999,90286416,3755,-2147483648,SJC02-DC3-BTS-Management-Cluster
266,1590146939999,90277456,4072,-2147483648,SJC02-DC3-BTS-Management-Cluster
267,1590147239999,90274648,4213,-2147483648,SJC02-DC3-BTS-Management-Cluster
268,1590147539999,90266352,3762,-2147483648,SJC02-DC3-BTS-Management-Cluster
269,1590147839999,90261568,6084,-2147483648,SJC02-DC3-BTS-Management-Cluster
270,1590148139999,90262832,8512,-2147483648,SJC02-DC3-BTS-Management-Cluster
271,1590148439999,90264528,6223,-2147483648,SJC02-DC3-BTS-Management-Cluster
272,1590148739999,90263552,6066,-2147483648,SJC02-DC3-BTS-Management-Cluster
273,1590149039999,90265360,3836,-2147483648,SJC02-DC3-BTS-Management-Cluster
274,1590149339999,90274088,3521,-2147483648,SJC02-DC3-BTS-Management-Cluster
275,1590149639999,90266712,5995,-2147483648,SJC02-DC3-BTS-Management-Cluster
276,1590149939999,90267848,8553,-2147483648,SJC02-DC3-BTS-Management-Cluster
277,1590150239999,90269848,8602,-2147483648,SJC02-DC3-BTS-Management-Cluster
278,1590150539999,90270000,10987,-2147483648,SJC02-DC3-BTS-Management-Cluster
279,1590150839999,90272256,8915,-2147483648,SJC02-DC3-BTS-Management-Cluster
280,1590151139999,90273672,8619,-2147483648,SJC02-DC3-BTS-Management-Cluster
281,1590151439999,90275424,6236,-2147483648,SJC02-DC3-BTS-Management-Cluster
282,1590151739999,90276240,5819,-2147483648,SJC02-DC3-BTS-Management-Cluster
283,1590152039999,90281832,3980,-2147483648,SJC02-DC3-BTS-Management-Cluster
284,1590152339999,90281984,3696,-2147483648,SJC02-DC3-BTS-Management-Cluster
285,1590152639999,90283816,4216,-2147483648,SJC02-DC3-BTS-Management-Cluster
286,1590152939999,90291912,3531,-2147483648,SJC02-DC3-BTS-Management-Cluster
287,1590153239999,90285904,3585,-2147483648,SJC02-DC3-BTS-Management-Cluster
