,timestamps,mem,cpu,disk,clustername
0,1590067259999,455216288,37136,-2147483648,SJC02-TVPP1-CloudCenter-Cluster
1,1590067559999,455204416,34965,-2147483648,SJC02-TVPP1-CloudCenter-Cluster
2,1590067859999,455197600,36452,-2147483648,SJC02-TVPP1-CloudCenter-Cluster
3,1590068159999,455208640,51348,-2147483648,SJC02-TVPP1-CloudCenter-Cluster
4,1590068459999,455225760,39631,-2147483648,SJC02-TVPP1-CloudCenter-Cluster
5,1590068759999,455222272,36634,-2147483648,SJC02-TVPP1-CloudCenter-Cluster
6,1590069059999,455227488,37329,-2147483648,SJC02-TVPP1-CloudCenter-Cluster
7,1590069359999,455218144,36074,-2147483648,SJC02-TVPP1-CloudCenter-Cluster
8,1590069659999,455193728,40504,-2147483648,SJC02-TVPP1-CloudCenter-Cluster
9,1590069959999,455190432,59409,-2147483648,SJC02-TVPP1-CloudCenter-Cluster
10,1590070259999,455198880,42765,-2147483648,SJC02-TVPP1-CloudCenter-Cluster
11,1590070559999,455200096,37848,-2147483648,SJC02-TVPP1-CloudCenter-Cluster
12,1590070859999,455202560,38518,-2147483648,SJC02-TVPP1-CloudCenter-Cluster
13,1590071159999,455202496,36830,-2147483648,SJC02-TVPP1-CloudCenter-Cluster
14,1590071459999,455209024,38412,-2147483648,SJC02-TVPP1-CloudCenter-Cluster
15,1590071759999,455211424,52053,-2147483648,SJC02-TVPP1-CloudCenter-Cluster
16,1590072059999,455214752,39894,-2147483648,SJC02-TVPP1-CloudCenter-Cluster
17,1590072359999,455211744,37371,-2147483648,SJC02-TVPP1-CloudCenter-Cluster
18,1590072659999,455205760,37035,-2147483648,SJC02-TVPP1-CloudCenter-Cluster
19,1590072959999,455205152,35497,-2147483648,SJC02-TVPP1-CloudCenter-Cluster
20,1590073259999,455213824,40624,-2147483648,SJC02-TVPP1-CloudCenter-Cluster
21,1590073559999,455207360,60373,-2147483648,SJC02-TVPP1-CloudCenter-Cluster
22,1590073859999,455212352,42768,-2147483648,SJC02-TVPP1-CloudCenter-Cluster
23,1590074159999,455206144,38333,-2147483648,SJC02-TVPP1-CloudCenter-Cluster
24,1590074459999,455205600,38440,-2147483648,SJC02-TVPP1-CloudCenter-Cluster
25,1590074759999,455203360,36437,-2147483648,SJC02-TVPP1-CloudCenter-Cluster
26,1590075059999,455197984,38037,-2147483648,SJC02-TVPP1-CloudCenter-Cluster
27,1590075359999,455194656,50909,-2147483648,SJC02-TVPP1-CloudCenter-Cluster
28,1590075659999,455198432,39491,-2147483648,SJC02-TVPP1-CloudCenter-Cluster
29,1590075959999,455206368,37078,-2147483648,SJC02-TVPP1-CloudCenter-Cluster
30,1590076259999,455205568,36423,-2147483648,SJC02-TVPP1-CloudCenter-Cluster
31,1590076559999,455194432,35094,-2147483648,SJC02-TVPP1-CloudCenter-Cluster
32,1590076859999,455182592,38942,-2147483648,SJC02-TVPP1-CloudCenter-Cluster
33,1590077159999,455181536,56572,-2147483648,SJC02-TVPP1-CloudCenter-Cluster
34,1590077459999,455192096,41987,-2147483648,SJC02-TVPP1-CloudCenter-Cluster
35,1590077759999,455195712,38180,-2147483648,SJC02-TVPP1-CloudCenter-Cluster
36,1590078059999,455198560,37581,-2147483648,SJC02-TVPP1-CloudCenter-Cluster
37,1590078359999,455203904,35945,-2147483648,SJC02-TVPP1-CloudCenter-Cluster
38,1590078659999,455202944,36857,-2147483648,SJC02-TVPP1-CloudCenter-Cluster
39,1590078959999,455208192,48460,-2147483648,SJC02-TVPP1-CloudCenter-Cluster
40,1590079259999,455216544,39042,-2147483648,SJC02-TVPP1-CloudCenter-Cluster
41,1590079559999,455207072,36954,-2147483648,SJC02-TVPP1-CloudCenter-Cluster
42,1590079859999,455204096,36049,-2147483648,SJC02-TVPP1-CloudCenter-Cluster
43,1590080159999,455205504,35857,-2147483648,SJC02-TVPP1-CloudCenter-Cluster
44,1590080459999,455209728,40169,-2147483648,SJC02-TVPP1-CloudCenter-Cluster
45,1590080759999,455210272,58808,-2147483648,SJC02-TVPP1-CloudCenter-Cluster
46,1590081059999,455195040,43064,-2147483648,SJC02-TVPP1-CloudCenter-Cluster
47,1590081359999,455190560,38350,-2147483648,SJC02-TVPP1-CloudCenter-Cluster
48,1590081659999,455193536,37965,-2147483648,SJC02-TVPP1-CloudCenter-Cluster
49,1590081959999,455194016,36449,-2147483648,SJC02-TVPP1-CloudCenter-Cluster
50,1590082259999,455189216,37741,-2147483648,SJC02-TVPP1-CloudCenter-Cluster
51,1590082559999,455192736,49738,-2147483648,SJC02-TVPP1-CloudCenter-Cluster
52,1590082859999,455205952,39924,-2147483648,SJC02-TVPP1-CloudCenter-Cluster
53,1590083159999,455206496,36786,-2147483648,SJC02-TVPP1-CloudCenter-Cluster
54,1590083459999,455204032,36191,-2147483648,SJC02-TVPP1-CloudCenter-Cluster
55,1590083759999,455201408,35907,-2147483648,SJC02-TVPP1-CloudCenter-Cluster
56,1590084059999,455198176,40917,-2147483648,SJC02-TVPP1-CloudCenter-Cluster
57,1590084359999,455197536,59831,-2147483648,SJC02-TVPP1-CloudCenter-Cluster
58,1590084659999,455196192,43310,-2147483648,SJC02-TVPP1-CloudCenter-Cluster
59,1590084959999,455201248,38571,-2147483648,SJC02-TVPP1-CloudCenter-Cluster
60,1590085259999,455199136,38953,-2147483648,SJC02-TVPP1-CloudCenter-Cluster
61,1590085559999,455194432,37936,-2147483648,SJC02-TVPP1-CloudCenter-Cluster
62,1590085859999,455198144,38507,-2147483648,SJC02-TVPP1-CloudCenter-Cluster
63,1590086159999,455199328,50152,-2147483648,SJC02-TVPP1-CloudCenter-Cluster
64,1590086459999,455205600,39603,-2147483648,SJC02-TVPP1-CloudCenter-Cluster
65,1590086759999,455196768,37301,-2147483648,SJC02-TVPP1-CloudCenter-Cluster
66,1590087059999,455203328,37506,-2147483648,SJC02-TVPP1-CloudCenter-Cluster
67,1590087359999,455197056,36090,-2147483648,SJC02-TVPP1-CloudCenter-Cluster
68,1590087659999,455193792,40171,-2147483648,SJC02-TVPP1-CloudCenter-Cluster
69,1590087959999,455199392,58963,-2147483648,SJC02-TVPP1-CloudCenter-Cluster
70,1590088259999,455199328,43074,-2147483648,SJC02-TVPP1-CloudCenter-Cluster
71,1590088559999,455203360,38425,-2147483648,SJC02-TVPP1-CloudCenter-Cluster
72,1590088859999,455204960,37450,-2147483648,SJC02-TVPP1-CloudCenter-Cluster
73,1590089159999,455209600,36709,-2147483648,SJC02-TVPP1-CloudCenter-Cluster
74,1590089459999,455207232,37294,-2147483648,SJC02-TVPP1-CloudCenter-Cluster
75,1590089759999,455203968,49332,-2147483648,SJC02-TVPP1-CloudCenter-Cluster
76,1590090059999,455197504,39621,-2147483648,SJC02-TVPP1-CloudCenter-Cluster
77,1590090359999,455200000,36682,-2147483648,SJC02-TVPP1-CloudCenter-Cluster
78,1590090659999,455199872,36085,-2147483648,SJC02-TVPP1-CloudCenter-Cluster
79,1590090959999,455197184,35779,-2147483648,SJC02-TVPP1-CloudCenter-Cluster
80,1590091259999,455192416,38704,-2147483648,SJC02-TVPP1-CloudCenter-Cluster
81,1590091559999,455191392,56229,-2147483648,SJC02-TVPP1-CloudCenter-Cluster
82,1590091859999,455204896,43096,-2147483648,SJC02-TVPP1-CloudCenter-Cluster
83,1590092159999,455193568,40268,-2147483648,SJC02-TVPP1-CloudCenter-Cluster
84,1590092459999,455188736,38331,-2147483648,SJC02-TVPP1-CloudCenter-Cluster
85,1590092759999,455190656,37529,-2147483648,SJC02-TVPP1-CloudCenter-Cluster
86,1590093059999,455195680,37555,-2147483648,SJC02-TVPP1-CloudCenter-Cluster
87,1590093359999,455198112,47351,-2147483648,SJC02-TVPP1-CloudCenter-Cluster
88,1590093659999,455204736,39058,-2147483648,SJC02-TVPP1-CloudCenter-Cluster
89,1590093959999,455207712,36155,-2147483648,SJC02-TVPP1-CloudCenter-Cluster
90,1590094259999,455210496,35716,-2147483648,SJC02-TVPP1-CloudCenter-Cluster
91,1590094559999,455196128,34618,-2147483648,SJC02-TVPP1-CloudCenter-Cluster
92,1590094859999,455199616,35398,-2147483648,SJC02-TVPP1-CloudCenter-Cluster
93,1590095159999,455195488,45941,-2147483648,SJC02-TVPP1-CloudCenter-Cluster
94,1590095459999,455202272,37868,-2147483648,SJC02-TVPP1-CloudCenter-Cluster
95,1590095759999,455201728,35011,-2147483648,SJC02-TVPP1-CloudCenter-Cluster
96,1590096059999,455202048,34165,-2147483648,SJC02-TVPP1-CloudCenter-Cluster
97,1590096359999,455208352,33206,-2147483648,SJC02-TVPP1-CloudCenter-Cluster
98,1590096659999,455205600,33214,-2147483648,SJC02-TVPP1-CloudCenter-Cluster
99,1590096959999,455194848,38457,-2147483648,SJC02-TVPP1-CloudCenter-Cluster
100,1590097259999,455199584,33689,-2147483648,SJC02-TVPP1-CloudCenter-Cluster
101,1590097559999,455201760,32558,-2147483648,SJC02-TVPP1-CloudCenter-Cluster
102,1590097859999,455193536,32177,-2147483648,SJC02-TVPP1-CloudCenter-Cluster
103,1590098159999,455190048,31049,-2147483648,SJC02-TVPP1-CloudCenter-Cluster
104,1590098459999,455188576,31160,-2147483648,SJC02-TVPP1-CloudCenter-Cluster
105,1590098759999,455183712,37177,-2147483648,SJC02-TVPP1-CloudCenter-Cluster
106,1590099059999,455182432,33625,-2147483648,SJC02-TVPP1-CloudCenter-Cluster
107,1590099359999,455189024,30851,-2147483648,SJC02-TVPP1-CloudCenter-Cluster
108,1590099659999,455192736,30692,-2147483648,SJC02-TVPP1-CloudCenter-Cluster
109,1590099959999,455196320,31028,-2147483648,SJC02-TVPP1-CloudCenter-Cluster
110,1590100259999,455189024,30219,-2147483648,SJC02-TVPP1-CloudCenter-Cluster
111,1590100559999,455187776,32896,-2147483648,SJC02-TVPP1-CloudCenter-Cluster
112,1590100859999,455192192,30302,-2147483648,SJC02-TVPP1-CloudCenter-Cluster
113,1590101159999,455192544,29384,-2147483648,SJC02-TVPP1-CloudCenter-Cluster
114,1590101459999,455189792,29025,-2147483648,SJC02-TVPP1-CloudCenter-Cluster
115,1590101759999,455187808,29055,-2147483648,SJC02-TVPP1-CloudCenter-Cluster
116,1590102059999,455191648,28916,-2147483648,SJC02-TVPP1-CloudCenter-Cluster
117,1590102359999,455196960,32519,-2147483648,SJC02-TVPP1-CloudCenter-Cluster
118,1590102659999,455203392,29688,-2147483648,SJC02-TVPP1-CloudCenter-Cluster
119,1590102959999,455204480,28700,-2147483648,SJC02-TVPP1-CloudCenter-Cluster
120,1590103259999,455191360,28579,-2147483648,SJC02-TVPP1-CloudCenter-Cluster
121,1590103559999,455192512,28521,-2147483648,SJC02-TVPP1-CloudCenter-Cluster
122,1590103859999,455194688,28284,-2147483648,SJC02-TVPP1-CloudCenter-Cluster
123,1590104159999,455188800,30330,-2147483648,SJC02-TVPP1-CloudCenter-Cluster
124,1590104459999,455193792,28631,-2147483648,SJC02-TVPP1-CloudCenter-Cluster
125,1590104759999,455202080,28302,-2147483648,SJC02-TVPP1-CloudCenter-Cluster
126,1590105059999,455199104,27887,-2147483648,SJC02-TVPP1-CloudCenter-Cluster
127,1590105359999,455191712,28158,-2147483648,SJC02-TVPP1-CloudCenter-Cluster
128,1590105659999,455188384,28075,-2147483648,SJC02-TVPP1-CloudCenter-Cluster
129,1590105959999,455179648,31245,-2147483648,SJC02-TVPP1-CloudCenter-Cluster
130,1590106259999,455178752,28511,-2147483648,SJC02-TVPP1-CloudCenter-Cluster
131,1590106559999,455187072,28176,-2147483648,SJC02-TVPP1-CloudCenter-Cluster
132,1590106859999,455191968,28124,-2147483648,SJC02-TVPP1-CloudCenter-Cluster
133,1590107159999,455195808,27516,-2147483648,SJC02-TVPP1-CloudCenter-Cluster
134,1590107459999,455196800,28350,-2147483648,SJC02-TVPP1-CloudCenter-Cluster
135,1590107759999,455197920,28541,-2147483648,SJC02-TVPP1-CloudCenter-Cluster
136,1590108059999,455202048,27783,-2147483648,SJC02-TVPP1-CloudCenter-Cluster
137,1590108359999,455193056,27908,-2147483648,SJC02-TVPP1-CloudCenter-Cluster
138,1590108659999,455196000,27717,-2147483648,SJC02-TVPP1-CloudCenter-Cluster
139,1590108959999,455188096,27284,-2147483648,SJC02-TVPP1-CloudCenter-Cluster
140,1590109259999,455189760,27970,-2147483648,SJC02-TVPP1-CloudCenter-Cluster
141,1590109559999,455196480,29467,-2147483648,SJC02-TVPP1-CloudCenter-Cluster
142,1590109859999,455192512,27579,-2147483648,SJC02-TVPP1-CloudCenter-Cluster
143,1590110159999,455184768,33339,-2147483648,SJC02-TVPP1-CloudCenter-Cluster
144,1590110459999,455183520,28223,-2147483648,SJC02-TVPP1-CloudCenter-Cluster
145,1590110759999,455183360,27050,-2147483648,SJC02-TVPP1-CloudCenter-Cluster
146,1590111059999,455191456,27330,-2147483648,SJC02-TVPP1-CloudCenter-Cluster
147,1590111359999,455193664,28194,-2147483648,SJC02-TVPP1-CloudCenter-Cluster
148,1590111659999,455190912,27123,-2147483648,SJC02-TVPP1-CloudCenter-Cluster
149,1590111959999,455197408,27297,-2147483648,SJC02-TVPP1-CloudCenter-Cluster
150,1590112259999,455196064,27194,-2147483648,SJC02-TVPP1-CloudCenter-Cluster
151,1590112559999,455202784,27222,-2147483648,SJC02-TVPP1-CloudCenter-Cluster
152,1590112859999,455199872,27176,-2147483648,SJC02-TVPP1-CloudCenter-Cluster
153,1590113159999,455195968,28916,-2147483648,SJC02-TVPP1-CloudCenter-Cluster
154,1590113459999,455187872,27502,-2147483648,SJC02-TVPP1-CloudCenter-Cluster
155,1590113759999,455194208,27511,-2147483648,SJC02-TVPP1-CloudCenter-Cluster
156,1590114059999,455195904,27383,-2147483648,SJC02-TVPP1-CloudCenter-Cluster
157,1590114359999,455196672,27084,-2147483648,SJC02-TVPP1-CloudCenter-Cluster
158,1590114659999,455189344,27204,-2147483648,SJC02-TVPP1-CloudCenter-Cluster
159,1590114959999,455191360,28276,-2147483648,SJC02-TVPP1-CloudCenter-Cluster
160,1590115259999,455200160,26979,-2147483648,SJC02-TVPP1-CloudCenter-Cluster
161,1590115559999,455200864,27086,-2147483648,SJC02-TVPP1-CloudCenter-Cluster
162,1590115859999,455198848,27018,-2147483648,SJC02-TVPP1-CloudCenter-Cluster
163,1590116159999,455195808,27027,-2147483648,SJC02-TVPP1-CloudCenter-Cluster
164,1590116459999,455196160,26890,-2147483648,SJC02-TVPP1-CloudCenter-Cluster
165,1590116759999,455201856,27788,-2147483648,SJC02-TVPP1-CloudCenter-Cluster
166,1590117059999,455206944,26702,-2147483648,SJC02-TVPP1-CloudCenter-Cluster
167,1590117359999,455210112,27068,-2147483648,SJC02-TVPP1-CloudCenter-Cluster
168,1590117659999,455224416,26746,-2147483648,SJC02-TVPP1-CloudCenter-Cluster
169,1590117959999,455242816,26873,-2147483648,SJC02-TVPP1-CloudCenter-Cluster
170,1590118259999,455255424,27007,-2147483648,SJC02-TVPP1-CloudCenter-Cluster
171,1590118559999,455254048,27564,-2147483648,SJC02-TVPP1-CloudCenter-Cluster
172,1590118859999,455256288,26677,-2147483648,SJC02-TVPP1-CloudCenter-Cluster
173,1590119159999,455253152,26920,-2147483648,SJC02-TVPP1-CloudCenter-Cluster
174,1590119459999,455244544,26738,-2147483648,SJC02-TVPP1-CloudCenter-Cluster
175,1590119759999,455249312,26704,-2147483648,SJC02-TVPP1-CloudCenter-Cluster
176,1590120059999,455250016,26977,-2147483648,SJC02-TVPP1-CloudCenter-Cluster
177,1590120359999,455248768,27908,-2147483648,SJC02-TVPP1-CloudCenter-Cluster
178,1590120659999,455254880,26852,-2147483648,SJC02-TVPP1-CloudCenter-Cluster
179,1590120959999,455255904,26843,-2147483648,SJC02-TVPP1-CloudCenter-Cluster
180,1590121259999,455265664,26771,-2147483648,SJC02-TVPP1-CloudCenter-Cluster
181,1590121559999,455265856,26836,-2147483648,SJC02-TVPP1-CloudCenter-Cluster
182,1590121859999,455273824,26830,-2147483648,SJC02-TVPP1-CloudCenter-Cluster
183,1590122159999,455285696,27845,-2147483648,SJC02-TVPP1-CloudCenter-Cluster
184,1590122459999,455298048,27285,-2147483648,SJC02-TVPP1-CloudCenter-Cluster
185,1590122759999,455296800,27076,-2147483648,SJC02-TVPP1-CloudCenter-Cluster
186,1590123059999,455295360,26848,-2147483648,SJC02-TVPP1-CloudCenter-Cluster
187,1590123359999,455287872,26781,-2147483648,SJC02-TVPP1-CloudCenter-Cluster
188,1590123659999,455289056,26920,-2147483648,SJC02-TVPP1-CloudCenter-Cluster
189,1590123959999,455283456,27969,-2147483648,SJC02-TVPP1-CloudCenter-Cluster
190,1590124259999,455285888,26871,-2147483648,SJC02-TVPP1-CloudCenter-Cluster
191,1590124559999,455292576,27199,-2147483648,SJC02-TVPP1-CloudCenter-Cluster
192,1590124859999,455293216,26774,-2147483648,SJC02-TVPP1-CloudCenter-Cluster
193,1590125159999,455291488,26864,-2147483648,SJC02-TVPP1-CloudCenter-Cluster
194,1590125459999,455294816,27176,-2147483648,SJC02-TVPP1-CloudCenter-Cluster
195,1590125759999,455294016,27876,-2147483648,SJC02-TVPP1-CloudCenter-Cluster
196,1590126059999,455293216,26994,-2147483648,SJC02-TVPP1-CloudCenter-Cluster
197,1590126359999,455291136,27093,-2147483648,SJC02-TVPP1-CloudCenter-Cluster
198,1590126659999,455294880,26895,-2147483648,SJC02-TVPP1-CloudCenter-Cluster
199,1590126959999,455300160,26912,-2147483648,SJC02-TVPP1-CloudCenter-Cluster
200,1590127259999,455295968,27359,-2147483648,SJC02-TVPP1-CloudCenter-Cluster
201,1590127559999,455292736,28951,-2147483648,SJC02-TVPP1-CloudCenter-Cluster
202,1590127859999,455294016,27567,-2147483648,SJC02-TVPP1-CloudCenter-Cluster
203,1590128159999,455292352,27697,-2147483648,SJC02-TVPP1-CloudCenter-Cluster
204,1590128459999,455288992,27589,-2147483648,SJC02-TVPP1-CloudCenter-Cluster
205,1590128759999,455277504,27702,-2147483648,SJC02-TVPP1-CloudCenter-Cluster
206,1590129059999,455281952,27486,-2147483648,SJC02-TVPP1-CloudCenter-Cluster
207,1590129359999,455281184,28810,-2147483648,SJC02-TVPP1-CloudCenter-Cluster
208,1590129659999,455282528,27803,-2147483648,SJC02-TVPP1-CloudCenter-Cluster
209,1590129959999,455281024,27710,-2147483648,SJC02-TVPP1-CloudCenter-Cluster
210,1590130259999,455283392,27519,-2147483648,SJC02-TVPP1-CloudCenter-Cluster
211,1590130559999,455282688,27529,-2147483648,SJC02-TVPP1-CloudCenter-Cluster
212,1590130859999,455281408,27845,-2147483648,SJC02-TVPP1-CloudCenter-Cluster
213,1590131159999,455285984,29777,-2147483648,SJC02-TVPP1-CloudCenter-Cluster
214,1590131459999,455288704,28026,-2147483648,SJC02-TVPP1-CloudCenter-Cluster
215,1590131759999,455293664,27923,-2147483648,SJC02-TVPP1-CloudCenter-Cluster
216,1590132059999,455300000,27659,-2147483648,SJC02-TVPP1-CloudCenter-Cluster
217,1590132359999,455306880,27469,-2147483648,SJC02-TVPP1-CloudCenter-Cluster
218,1590132659999,455301856,27823,-2147483648,SJC02-TVPP1-CloudCenter-Cluster
219,1590132959999,455312512,28989,-2147483648,SJC02-TVPP1-CloudCenter-Cluster
220,1590133259999,455311456,27658,-2147483648,SJC02-TVPP1-CloudCenter-Cluster
221,1590133559999,455287872,27845,-2147483648,SJC02-TVPP1-CloudCenter-Cluster
222,1590133859999,455285312,27914,-2147483648,SJC02-TVPP1-CloudCenter-Cluster
223,1590134159999,455290432,27538,-2147483648,SJC02-TVPP1-CloudCenter-Cluster
224,1590134459999,455291072,27662,-2147483648,SJC02-TVPP1-CloudCenter-Cluster
225,1590134759999,455282816,30471,-2147483648,SJC02-TVPP1-CloudCenter-Cluster
226,1590135059999,455282624,28145,-2147483648,SJC02-TVPP1-CloudCenter-Cluster
227,1590135359999,455282048,30357,-2147483648,SJC02-TVPP1-CloudCenter-Cluster
228,1590135659999,455288416,28038,-2147483648,SJC02-TVPP1-CloudCenter-Cluster
229,1590135959999,455293856,27802,-2147483648,SJC02-TVPP1-CloudCenter-Cluster
230,1590136259999,455294464,28211,-2147483648,SJC02-TVPP1-CloudCenter-Cluster
231,1590136559999,455297920,37089,-2147483648,SJC02-TVPP1-CloudCenter-Cluster
232,1590136859999,455304000,28487,-2147483648,SJC02-TVPP1-CloudCenter-Cluster
233,1590137159999,455307264,28279,-2147483648,SJC02-TVPP1-CloudCenter-Cluster
234,1590137459999,455300096,28320,-2147483648,SJC02-TVPP1-CloudCenter-Cluster
235,1590137759999,455305568,27706,-2147483648,SJC02-TVPP1-CloudCenter-Cluster
236,1590138059999,455308288,27923,-2147483648,SJC02-TVPP1-CloudCenter-Cluster
237,1590138359999,455296416,30883,-2147483648,SJC02-TVPP1-CloudCenter-Cluster
238,1590138659999,455291264,28409,-2147483648,SJC02-TVPP1-CloudCenter-Cluster
239,1590138959999,455294464,28419,-2147483648,SJC02-TVPP1-CloudCenter-Cluster
240,1590139259999,455297440,28311,-2147483648,SJC02-TVPP1-CloudCenter-Cluster
241,1590139559999,455298432,27906,-2147483648,SJC02-TVPP1-CloudCenter-Cluster
242,1590139859999,455303840,27791,-2147483648,SJC02-TVPP1-CloudCenter-Cluster
243,1590140159999,455295712,29876,-2147483648,SJC02-TVPP1-CloudCenter-Cluster
244,1590140459999,455295520,28269,-2147483648,SJC02-TVPP1-CloudCenter-Cluster
245,1590140759999,455291712,27958,-2147483648,SJC02-TVPP1-CloudCenter-Cluster
246,1590141059999,455295200,28364,-2147483648,SJC02-TVPP1-CloudCenter-Cluster
247,1590141359999,455301408,27650,-2147483648,SJC02-TVPP1-CloudCenter-Cluster
248,1590141659999,455303968,27861,-2147483648,SJC02-TVPP1-CloudCenter-Cluster
249,1590141959999,455295776,30423,-2147483648,SJC02-TVPP1-CloudCenter-Cluster
250,1590142259999,455297952,28380,-2147483648,SJC02-TVPP1-CloudCenter-Cluster
251,1590142559999,455299808,27903,-2147483648,SJC02-TVPP1-CloudCenter-Cluster
252,1590142859999,455298912,28480,-2147483648,SJC02-TVPP1-CloudCenter-Cluster
253,1590143159999,455298496,27967,-2147483648,SJC02-TVPP1-CloudCenter-Cluster
254,1590143459999,455294560,28131,-2147483648,SJC02-TVPP1-CloudCenter-Cluster
255,1590143759999,455283296,30234,-2147483648,SJC02-TVPP1-CloudCenter-Cluster
256,1590144059999,455291104,28188,-2147483648,SJC02-TVPP1-CloudCenter-Cluster
257,1590144359999,455291072,28007,-2147483648,SJC02-TVPP1-CloudCenter-Cluster
258,1590144659999,455283776,28041,-2147483648,SJC02-TVPP1-CloudCenter-Cluster
259,1590144959999,455289376,27552,-2147483648,SJC02-TVPP1-CloudCenter-Cluster
260,1590145259999,455289792,27764,-2147483648,SJC02-TVPP1-CloudCenter-Cluster
261,1590145559999,455289600,30626,-2147483648,SJC02-TVPP1-CloudCenter-Cluster
262,1590145859999,455293376,28178,-2147483648,SJC02-TVPP1-CloudCenter-Cluster
263,1590146159999,455302944,27775,-2147483648,SJC02-TVPP1-CloudCenter-Cluster
264,1590146459999,455303040,28005,-2147483648,SJC02-TVPP1-CloudCenter-Cluster
265,1590146759999,455306240,27764,-2147483648,SJC02-TVPP1-CloudCenter-Cluster
266,1590147059999,455308032,27928,-2147483648,SJC02-TVPP1-CloudCenter-Cluster
267,1590147359999,455304640,30941,-2147483648,SJC02-TVPP1-CloudCenter-Cluster
268,1590147659999,455305152,28408,-2147483648,SJC02-TVPP1-CloudCenter-Cluster
269,1590147959999,455296608,27744,-2147483648,SJC02-TVPP1-CloudCenter-Cluster
270,1590148259999,455294816,28519,-2147483648,SJC02-TVPP1-CloudCenter-Cluster
271,1590148559999,455298880,27934,-2147483648,SJC02-TVPP1-CloudCenter-Cluster
272,1590148859999,455288960,29644,-2147483648,SJC02-TVPP1-CloudCenter-Cluster
273,1590149159999,455283168,35641,-2147483648,SJC02-TVPP1-CloudCenter-Cluster
274,1590149459999,455284704,31028,-2147483648,SJC02-TVPP1-CloudCenter-Cluster
275,1590149759999,455285920,29533,-2147483648,SJC02-TVPP1-CloudCenter-Cluster
276,1590150059999,455286560,30974,-2147483648,SJC02-TVPP1-CloudCenter-Cluster
277,1590150359999,455289600,29677,-2147483648,SJC02-TVPP1-CloudCenter-Cluster
278,1590150659999,455297920,31501,-2147483648,SJC02-TVPP1-CloudCenter-Cluster
279,1590150959999,455298496,38428,-2147483648,SJC02-TVPP1-CloudCenter-Cluster
280,1590151259999,455309120,32408,-2147483648,SJC02-TVPP1-CloudCenter-Cluster
281,1590151559999,455308896,31293,-2147483648,SJC02-TVPP1-CloudCenter-Cluster
282,1590151859999,455302304,32004,-2147483648,SJC02-TVPP1-CloudCenter-Cluster
283,1590152159999,455306208,31091,-2147483648,SJC02-TVPP1-CloudCenter-Cluster
284,1590152459999,455310048,35219,-2147483648,SJC02-TVPP1-CloudCenter-Cluster
285,1590152759999,455314272,47499,-2147483648,SJC02-TVPP1-CloudCenter-Cluster
286,1590153059999,455304256,37678,-2147483648,SJC02-TVPP1-CloudCenter-Cluster
287,1590153359999,455304192,35152,-2147483648,SJC02-TVPP1-CloudCenter-Cluster
