,timestamps,mem,cpu,disk,clustername
0,1590067439999,467497344,7211,799305152,SJC02-VPP3-Miscellaneous-Cluster
1,1590067739999,467528176,7276,799305152,SJC02-VPP3-Miscellaneous-Cluster
2,1590068039999,467549696,7540,799305152,SJC02-VPP3-Miscellaneous-Cluster
3,1590068339999,467602832,7300,799305152,SJC02-VPP3-Miscellaneous-Cluster
4,1590068639999,467629184,7404,799305152,SJC02-VPP3-Miscellaneous-Cluster
5,1590068939999,467660240,7054,799305152,SJC02-VPP3-Miscellaneous-Cluster
6,1590069239999,467649077,5415,799305152,SJC02-VPP3-Miscellaneous-Cluster
7,1590069539999,467651360,5474,799305152,SJC02-VPP3-Miscellaneous-Cluster
8,1590069839999,467866048,6727,799305152,SJC02-VPP3-Miscellaneous-Cluster
9,1590070139999,467950144,5134,799305152,SJC02-VPP3-Miscellaneous-Cluster
10,1590070439999,467868501,4698,799305152,SJC02-VPP3-Miscellaneous-Cluster
11,1590070739999,467580848,4711,799305152,SJC02-VPP3-Miscellaneous-Cluster
12,1590071039999,467902741,4696,799305152,SJC02-VPP3-Miscellaneous-Cluster
13,1590071339999,468028432,4849,799414976,SJC02-VPP3-Miscellaneous-Cluster
14,1590071639999,468072373,4762,799414976,SJC02-VPP3-Miscellaneous-Cluster
15,1590071939999,468063040,4756,799414976,SJC02-VPP3-Miscellaneous-Cluster
16,1590072239999,468044586,5007,799414976,SJC02-VPP3-Miscellaneous-Cluster
17,1590072539999,467979696,4886,799414976,SJC02-VPP3-Miscellaneous-Cluster
18,1590072839999,467531445,4819,799414976,SJC02-VPP3-Miscellaneous-Cluster
19,1590073139999,467586864,4880,799414976,SJC02-VPP3-Miscellaneous-Cluster
20,1590073439999,467611498,5873,799414976,SJC02-VPP3-Miscellaneous-Cluster
21,1590073739999,467135776,5811,799414976,SJC02-VPP3-Miscellaneous-Cluster
22,1590074039999,467242229,5094,799414976,SJC02-VPP3-Miscellaneous-Cluster
23,1590074339999,467543584,5455,799414976,SJC02-VPP3-Miscellaneous-Cluster
24,1590074639999,467784949,5501,799414976,SJC02-VPP3-Miscellaneous-Cluster
25,1590074939999,467848560,5686,799414976,SJC02-VPP3-Miscellaneous-Cluster
26,1590075239999,467917962,5723,799414976,SJC02-VPP3-Miscellaneous-Cluster
27,1590075539999,467951552,5383,799414976,SJC02-VPP3-Miscellaneous-Cluster
28,1590075839999,467975840,5609,799414976,SJC02-VPP3-Miscellaneous-Cluster
29,1590076139999,468014816,5613,799414976,SJC02-VPP3-Miscellaneous-Cluster
30,1590076439999,468018848,5418,799414976,SJC02-VPP3-Miscellaneous-Cluster
31,1590076739999,468023520,5536,799414976,SJC02-VPP3-Miscellaneous-Cluster
32,1590077039999,468042869,5866,799414976,SJC02-VPP3-Miscellaneous-Cluster
33,1590077339999,468080208,5622,799414976,SJC02-VPP3-Miscellaneous-Cluster
34,1590077639999,468093941,5584,799414976,SJC02-VPP3-Miscellaneous-Cluster
35,1590077939999,468084624,5783,799414976,SJC02-VPP3-Miscellaneous-Cluster
36,1590078239999,468083200,5581,799414976,SJC02-VPP3-Miscellaneous-Cluster
37,1590078539999,468122688,5748,799414976,SJC02-VPP3-Miscellaneous-Cluster
38,1590078839999,468275434,5874,799414976,SJC02-VPP3-Miscellaneous-Cluster
39,1590079139999,468325936,5466,799414976,SJC02-VPP3-Miscellaneous-Cluster
40,1590079439999,468274720,5926,799414976,SJC02-VPP3-Miscellaneous-Cluster
41,1590079739999,468218064,6010,799414976,SJC02-VPP3-Miscellaneous-Cluster
42,1590080039999,468233589,4941,799414976,SJC02-VPP3-Miscellaneous-Cluster
43,1590080339999,468260496,5069,799414976,SJC02-VPP3-Miscellaneous-Cluster
44,1590080639999,468295520,5385,799414976,SJC02-VPP3-Miscellaneous-Cluster
45,1590080939999,468215120,5130,799414976,SJC02-VPP3-Miscellaneous-Cluster
46,1590081239999,468259200,5221,799414976,SJC02-VPP3-Miscellaneous-Cluster
47,1590081539999,468347786,5467,799414976,SJC02-VPP3-Miscellaneous-Cluster
48,1590081839999,468320208,5262,799414976,SJC02-VPP3-Miscellaneous-Cluster
49,1590082139999,468327840,5271,799414976,SJC02-VPP3-Miscellaneous-Cluster
50,1590082439999,468246464,6003,799414976,SJC02-VPP3-Miscellaneous-Cluster
51,1590082739999,468236181,5363,799414976,SJC02-VPP3-Miscellaneous-Cluster
52,1590083039999,468248400,5073,799414976,SJC02-VPP3-Miscellaneous-Cluster
53,1590083339999,468231392,5382,799455253,SJC02-VPP3-Miscellaneous-Cluster
54,1590083639999,468285024,5047,799475392,SJC02-VPP3-Miscellaneous-Cluster
55,1590083939999,468309834,5080,799368448,SJC02-VPP3-Miscellaneous-Cluster
56,1590084239999,468297520,6019,799368448,SJC02-VPP3-Miscellaneous-Cluster
57,1590084539999,468291424,5672,799368448,SJC02-VPP3-Miscellaneous-Cluster
58,1590084839999,468299984,5138,799368448,SJC02-VPP3-Miscellaneous-Cluster
59,1590085139999,468044917,5507,799368448,SJC02-VPP3-Miscellaneous-Cluster
60,1590085439999,467657088,5314,799368448,SJC02-VPP3-Miscellaneous-Cluster
61,1590085739999,467957589,5172,799368448,SJC02-VPP3-Miscellaneous-Cluster
62,1590086039999,468057520,5633,799368448,SJC02-VPP3-Miscellaneous-Cluster
63,1590086339999,468137045,5302,799368448,SJC02-VPP3-Miscellaneous-Cluster
64,1590086639999,468189280,5174,799368448,SJC02-VPP3-Miscellaneous-Cluster
65,1590086939999,468379349,5611,799368448,SJC02-VPP3-Miscellaneous-Cluster
66,1590087239999,468491104,5210,799368448,SJC02-VPP3-Miscellaneous-Cluster
67,1590087539999,468493536,5121,799368448,SJC02-VPP3-Miscellaneous-Cluster
68,1590087839999,468469040,5874,799368448,SJC02-VPP3-Miscellaneous-Cluster
69,1590088139999,468440448,5210,799368448,SJC02-VPP3-Miscellaneous-Cluster
70,1590088439999,468466768,5144,799368448,SJC02-VPP3-Miscellaneous-Cluster
71,1590088739999,468500490,5350,799368448,SJC02-VPP3-Miscellaneous-Cluster
72,1590089039999,468493088,5195,799368448,SJC02-VPP3-Miscellaneous-Cluster
73,1590089339999,468409610,5093,799368448,SJC02-VPP3-Miscellaneous-Cluster
74,1590089639999,468488096,5535,799368448,SJC02-VPP3-Miscellaneous-Cluster
75,1590089939999,468508426,5106,799368448,SJC02-VPP3-Miscellaneous-Cluster
76,1590090239999,468574688,5142,799368448,SJC02-VPP3-Miscellaneous-Cluster
77,1590090539999,468369322,5351,799368448,SJC02-VPP3-Miscellaneous-Cluster
78,1590090839999,467827488,5130,799368448,SJC02-VPP3-Miscellaneous-Cluster
79,1590091139999,468070474,4942,799368448,SJC02-VPP3-Miscellaneous-Cluster
80,1590091439999,468242720,5409,799368448,SJC02-VPP3-Miscellaneous-Cluster
81,1590091739999,468300234,5147,799368448,SJC02-VPP3-Miscellaneous-Cluster
82,1590092039999,468338592,4959,799368448,SJC02-VPP3-Miscellaneous-Cluster
83,1590092339999,468373013,5316,799368448,SJC02-VPP3-Miscellaneous-Cluster
84,1590092639999,468414304,5214,799368448,SJC02-VPP3-Miscellaneous-Cluster
85,1590092939999,468607200,5123,799368448,SJC02-VPP3-Miscellaneous-Cluster
86,1590093239999,468615808,5405,799368448,SJC02-VPP3-Miscellaneous-Cluster
87,1590093539999,468630666,5208,799368448,SJC02-VPP3-Miscellaneous-Cluster
88,1590093839999,468551632,5071,799368448,SJC02-VPP3-Miscellaneous-Cluster
89,1590094139999,468606261,5328,799368448,SJC02-VPP3-Miscellaneous-Cluster
90,1590094439999,468631328,5148,799368448,SJC02-VPP3-Miscellaneous-Cluster
91,1590094739999,468659701,5001,799368448,SJC02-VPP3-Miscellaneous-Cluster
92,1590095039999,468673312,5467,799368448,SJC02-VPP3-Miscellaneous-Cluster
93,1590095339999,468647466,5356,799368448,SJC02-VPP3-Miscellaneous-Cluster
94,1590095639999,468671568,5220,799368448,SJC02-VPP3-Miscellaneous-Cluster
95,1590095939999,468501258,5427,799368448,SJC02-VPP3-Miscellaneous-Cluster
96,1590096239999,468523248,5309,799368448,SJC02-VPP3-Miscellaneous-Cluster
97,1590096539999,468548181,5181,799368448,SJC02-VPP3-Miscellaneous-Cluster
98,1590096839999,468571536,5691,799368448,SJC02-VPP3-Miscellaneous-Cluster
99,1590097139999,468607765,6860,799368448,SJC02-VPP3-Miscellaneous-Cluster
100,1590097439999,468599552,8627,799368448,SJC02-VPP3-Miscellaneous-Cluster
101,1590097739999,468593056,8733,799368448,SJC02-VPP3-Miscellaneous-Cluster
102,1590098039999,468582224,8810,799368448,SJC02-VPP3-Miscellaneous-Cluster
103,1590098339999,468612682,6280,799368448,SJC02-VPP3-Miscellaneous-Cluster
104,1590098639999,468649456,5598,799368448,SJC02-VPP3-Miscellaneous-Cluster
105,1590098939999,468654229,5513,799368448,SJC02-VPP3-Miscellaneous-Cluster
106,1590099239999,468637648,5651,799368448,SJC02-VPP3-Miscellaneous-Cluster
107,1590099539999,468642389,5697,799368448,SJC02-VPP3-Miscellaneous-Cluster
108,1590099839999,468685424,5707,799368448,SJC02-VPP3-Miscellaneous-Cluster
109,1590100139999,468719754,5458,799476032,SJC02-VPP3-Miscellaneous-Cluster
110,1590100439999,468678576,5778,799476032,SJC02-VPP3-Miscellaneous-Cluster
111,1590100739999,468725258,5658,799476032,SJC02-VPP3-Miscellaneous-Cluster
112,1590101039999,468766464,5662,799476032,SJC02-VPP3-Miscellaneous-Cluster
113,1590101339999,468738250,5835,799476032,SJC02-VPP3-Miscellaneous-Cluster
114,1590101639999,468770304,5975,799476032,SJC02-VPP3-Miscellaneous-Cluster
115,1590101939999,468727136,5666,799476032,SJC02-VPP3-Miscellaneous-Cluster
116,1590102239999,468780416,5740,799476032,SJC02-VPP3-Miscellaneous-Cluster
117,1590102539999,468709600,5443,799476032,SJC02-VPP3-Miscellaneous-Cluster
118,1590102839999,468714218,6394,799476032,SJC02-VPP3-Miscellaneous-Cluster
119,1590103139999,468749344,7745,799476032,SJC02-VPP3-Miscellaneous-Cluster
120,1590103439999,468789568,7689,799476032,SJC02-VPP3-Miscellaneous-Cluster
121,1590103739999,468720720,7723,799476032,SJC02-VPP3-Miscellaneous-Cluster
122,1590104039999,468747648,7788,799476032,SJC02-VPP3-Miscellaneous-Cluster
123,1590104339999,468769088,7694,799476032,SJC02-VPP3-Miscellaneous-Cluster
124,1590104639999,468792373,7700,799476032,SJC02-VPP3-Miscellaneous-Cluster
125,1590104939999,468786784,7626,799476032,SJC02-VPP3-Miscellaneous-Cluster
126,1590105239999,468749152,7730,799476032,SJC02-VPP3-Miscellaneous-Cluster
127,1590105539999,468773264,7755,799476032,SJC02-VPP3-Miscellaneous-Cluster
128,1590105839999,468786869,10039,799476032,SJC02-VPP3-Miscellaneous-Cluster
129,1590106139999,468766784,10549,799476032,SJC02-VPP3-Miscellaneous-Cluster
130,1590106439999,468779189,8819,799476032,SJC02-VPP3-Miscellaneous-Cluster
131,1590106739999,468764720,9346,799507776,SJC02-VPP3-Miscellaneous-Cluster
132,1590107039999,468725546,9323,799507776,SJC02-VPP3-Miscellaneous-Cluster
133,1590107339999,468764448,9500,799507776,SJC02-VPP3-Miscellaneous-Cluster
134,1590107639999,468844938,10301,799507776,SJC02-VPP3-Miscellaneous-Cluster
135,1590107939999,468691824,9220,799507776,SJC02-VPP3-Miscellaneous-Cluster
136,1590108239999,468547306,9719,799507776,SJC02-VPP3-Miscellaneous-Cluster
137,1590108539999,468452848,9971,799507776,SJC02-VPP3-Miscellaneous-Cluster
138,1590108839999,468610069,10249,799507776,SJC02-VPP3-Miscellaneous-Cluster
139,1590109139999,468689584,10694,799507776,SJC02-VPP3-Miscellaneous-Cluster
140,1590109439999,468671168,10686,799507776,SJC02-VPP3-Miscellaneous-Cluster
141,1590109739999,468707968,11429,799507776,SJC02-VPP3-Miscellaneous-Cluster
142,1590110039999,468725834,12437,799507776,SJC02-VPP3-Miscellaneous-Cluster
143,1590110339999,468717216,14067,799513920,SJC02-VPP3-Miscellaneous-Cluster
144,1590110639999,468886325,14073,799513920,SJC02-VPP3-Miscellaneous-Cluster
145,1590110939999,469148688,14659,799513920,SJC02-VPP3-Miscellaneous-Cluster
146,1590111239999,469155029,14061,799513920,SJC02-VPP3-Miscellaneous-Cluster
147,1590111539999,469067840,14942,799513920,SJC02-VPP3-Miscellaneous-Cluster
148,1590111839999,469105002,10051,799513920,SJC02-VPP3-Miscellaneous-Cluster
149,1590112139999,469158192,9224,799513920,SJC02-VPP3-Miscellaneous-Cluster
150,1590112439999,469058837,9025,799513920,SJC02-VPP3-Miscellaneous-Cluster
151,1590112739999,469107392,5606,799404352,SJC02-VPP3-Miscellaneous-Cluster
152,1590113039999,469079530,6133,799404352,SJC02-VPP3-Miscellaneous-Cluster
153,1590113339999,469033136,6898,799404352,SJC02-VPP3-Miscellaneous-Cluster
154,1590113639999,469055125,6220,799404352,SJC02-VPP3-Miscellaneous-Cluster
155,1590113939999,468879312,6538,799404352,SJC02-VPP3-Miscellaneous-Cluster
156,1590114239999,468894325,6346,799404352,SJC02-VPP3-Miscellaneous-Cluster
157,1590114539999,469021408,6502,799404352,SJC02-VPP3-Miscellaneous-Cluster
158,1590114839999,469112693,7830,799404352,SJC02-VPP3-Miscellaneous-Cluster
159,1590115139999,469041872,7193,799404352,SJC02-VPP3-Miscellaneous-Cluster
160,1590115439999,469029546,7121,799404352,SJC02-VPP3-Miscellaneous-Cluster
161,1590115739999,468972112,7117,799408448,SJC02-VPP3-Miscellaneous-Cluster
162,1590116039999,468541962,7165,799408448,SJC02-VPP3-Miscellaneous-Cluster
163,1590116339999,468612960,5616,799408448,SJC02-VPP3-Miscellaneous-Cluster
164,1590116639999,468832512,7992,799408448,SJC02-VPP3-Miscellaneous-Cluster
165,1590116939999,468922448,9863,799408448,SJC02-VPP3-Miscellaneous-Cluster
166,1590117239999,468937045,9769,799408448,SJC02-VPP3-Miscellaneous-Cluster
167,1590117539999,468944096,7711,799409472,SJC02-VPP3-Miscellaneous-Cluster
168,1590117839999,468949312,7834,799409472,SJC02-VPP3-Miscellaneous-Cluster
169,1590118139999,469018400,8312,799409472,SJC02-VPP3-Miscellaneous-Cluster
170,1590118439999,468938656,8941,799409472,SJC02-VPP3-Miscellaneous-Cluster
171,1590118739999,468957472,8870,799409472,SJC02-VPP3-Miscellaneous-Cluster
172,1590119039999,468982709,9415,799409472,SJC02-VPP3-Miscellaneous-Cluster
173,1590119339999,469021008,10739,799410496,SJC02-VPP3-Miscellaneous-Cluster
174,1590119639999,468540970,11049,799410496,SJC02-VPP3-Miscellaneous-Cluster
175,1590119939999,468463152,8561,799410496,SJC02-VPP3-Miscellaneous-Cluster
176,1590120239999,468287296,9366,799410496,SJC02-VPP3-Miscellaneous-Cluster
177,1590120539999,468444224,11038,799410496,SJC02-VPP3-Miscellaneous-Cluster
178,1590120839999,468426016,12013,799410496,SJC02-VPP3-Miscellaneous-Cluster
179,1590121139999,468044624,13870,799413568,SJC02-VPP3-Miscellaneous-Cluster
180,1590121439999,468404533,13986,799413568,SJC02-VPP3-Miscellaneous-Cluster
181,1590121739999,468658784,15099,799413568,SJC02-VPP3-Miscellaneous-Cluster
182,1590122039999,468736650,15716,799413568,SJC02-VPP3-Miscellaneous-Cluster
183,1590122339999,468734448,13990,799413568,SJC02-VPP3-Miscellaneous-Cluster
184,1590122639999,468772917,13004,799413568,SJC02-VPP3-Miscellaneous-Cluster
185,1590122939999,468716384,11673,799413568,SJC02-VPP3-Miscellaneous-Cluster
186,1590123239999,468723477,9895,799413568,SJC02-VPP3-Miscellaneous-Cluster
187,1590123539999,468736976,8647,799413568,SJC02-VPP3-Miscellaneous-Cluster
188,1590123839999,468745056,9293,799413568,SJC02-VPP3-Miscellaneous-Cluster
189,1590124139999,468588832,10229,799413568,SJC02-VPP3-Miscellaneous-Cluster
190,1590124439999,468243344,9520,799413568,SJC02-VPP3-Miscellaneous-Cluster
191,1590124739999,468457162,6993,799413568,SJC02-VPP3-Miscellaneous-Cluster
192,1590125039999,468552944,5990,799413568,SJC02-VPP3-Miscellaneous-Cluster
193,1590125339999,468567893,6487,799413568,SJC02-VPP3-Miscellaneous-Cluster
194,1590125639999,468603600,7656,799413568,SJC02-VPP3-Miscellaneous-Cluster
195,1590125939999,468237557,6127,799413568,SJC02-VPP3-Miscellaneous-Cluster
196,1590126239999,468208256,7182,799413568,SJC02-VPP3-Miscellaneous-Cluster
197,1590126539999,468211840,6844,799413568,SJC02-VPP3-Miscellaneous-Cluster
198,1590126839999,468234032,5829,799413568,SJC02-VPP3-Miscellaneous-Cluster
199,1590127139999,468418549,5612,799413568,SJC02-VPP3-Miscellaneous-Cluster
200,1590127439999,468286256,8343,799413568,SJC02-VPP3-Miscellaneous-Cluster
201,1590127739999,468169472,9191,799413568,SJC02-VPP3-Miscellaneous-Cluster
202,1590128039999,468384480,6847,799413568,SJC02-VPP3-Miscellaneous-Cluster
203,1590128339999,468371232,4661,799413568,SJC02-VPP3-Miscellaneous-Cluster
204,1590128639999,468403520,4864,799413568,SJC02-VPP3-Miscellaneous-Cluster
205,1590128939999,468437760,5095,799413568,SJC02-VPP3-Miscellaneous-Cluster
206,1590129239999,468540736,5699,799413568,SJC02-VPP3-Miscellaneous-Cluster
207,1590129539999,468643893,5080,799413568,SJC02-VPP3-Miscellaneous-Cluster
208,1590129839999,468586032,5146,799413568,SJC02-VPP3-Miscellaneous-Cluster
209,1590130139999,468623029,4673,799413568,SJC02-VPP3-Miscellaneous-Cluster
210,1590130439999,468600528,4523,799413568,SJC02-VPP3-Miscellaneous-Cluster
211,1590130739999,468472053,4888,799521088,SJC02-VPP3-Miscellaneous-Cluster
212,1590131039999,468379104,5492,799521088,SJC02-VPP3-Miscellaneous-Cluster
213,1590131339999,468523797,4900,799521088,SJC02-VPP3-Miscellaneous-Cluster
214,1590131639999,468562560,4866,799521088,SJC02-VPP3-Miscellaneous-Cluster
215,1590131939999,468562528,4566,799521088,SJC02-VPP3-Miscellaneous-Cluster
216,1590132239999,468574000,4689,799521088,SJC02-VPP3-Miscellaneous-Cluster
217,1590132539999,468593152,4887,799521088,SJC02-VPP3-Miscellaneous-Cluster
218,1590132839999,468606048,6473,799521088,SJC02-VPP3-Miscellaneous-Cluster
219,1590133139999,468629952,5436,799521088,SJC02-VPP3-Miscellaneous-Cluster
220,1590133439999,468663888,4856,799521088,SJC02-VPP3-Miscellaneous-Cluster
221,1590133739999,468659765,4852,799521088,SJC02-VPP3-Miscellaneous-Cluster
222,1590134039999,468497920,4838,799521088,SJC02-VPP3-Miscellaneous-Cluster
223,1590134339999,468348384,4932,799521088,SJC02-VPP3-Miscellaneous-Cluster
224,1590134639999,468329216,5785,799521088,SJC02-VPP3-Miscellaneous-Cluster
225,1590134939999,468396608,4800,799521088,SJC02-VPP3-Miscellaneous-Cluster
226,1590135239999,468510304,4555,799521088,SJC02-VPP3-Miscellaneous-Cluster
227,1590135539999,468485685,4437,799521088,SJC02-VPP3-Miscellaneous-Cluster
228,1590135839999,468464896,4499,799521088,SJC02-VPP3-Miscellaneous-Cluster
229,1590136139999,468533184,4621,799521088,SJC02-VPP3-Miscellaneous-Cluster
230,1590136439999,468568736,6164,799521088,SJC02-VPP3-Miscellaneous-Cluster
231,1590136739999,468588149,4784,799521088,SJC02-VPP3-Miscellaneous-Cluster
232,1590137039999,468526176,4871,799521088,SJC02-VPP3-Miscellaneous-Cluster
233,1590137339999,468476832,4642,799521088,SJC02-VPP3-Miscellaneous-Cluster
234,1590137639999,468359488,4297,799521088,SJC02-VPP3-Miscellaneous-Cluster
235,1590137939999,468493450,4460,799521088,SJC02-VPP3-Miscellaneous-Cluster
236,1590138239999,468611024,4947,799521088,SJC02-VPP3-Miscellaneous-Cluster
237,1590138539999,468456245,4647,799521088,SJC02-VPP3-Miscellaneous-Cluster
238,1590138839999,468371728,4692,799521088,SJC02-VPP3-Miscellaneous-Cluster
239,1590139139999,468570250,4484,799532693,SJC02-VPP3-Miscellaneous-Cluster
240,1590139439999,468697056,4189,799538496,SJC02-VPP3-Miscellaneous-Cluster
241,1590139739999,468731914,4442,799538496,SJC02-VPP3-Miscellaneous-Cluster
242,1590140039999,468743536,5533,799538496,SJC02-VPP3-Miscellaneous-Cluster
243,1590140339999,468665077,7126,799538496,SJC02-VPP3-Miscellaneous-Cluster
244,1590140639999,468510128,9319,799538496,SJC02-VPP3-Miscellaneous-Cluster
245,1590140939999,468505130,9133,799538496,SJC02-VPP3-Miscellaneous-Cluster
246,1590141239999,468590400,7450,799538496,SJC02-VPP3-Miscellaneous-Cluster
247,1590141539999,468623146,4821,799538496,SJC02-VPP3-Miscellaneous-Cluster
248,1590141839999,468650512,4951,799538496,SJC02-VPP3-Miscellaneous-Cluster
249,1590142139999,468693322,4434,799538496,SJC02-VPP3-Miscellaneous-Cluster
250,1590142439999,468703072,4758,799538496,SJC02-VPP3-Miscellaneous-Cluster
251,1590142739999,468738602,4562,799538496,SJC02-VPP3-Miscellaneous-Cluster
252,1590143039999,468818160,4241,799538496,SJC02-VPP3-Miscellaneous-Cluster
253,1590143339999,468840970,4519,799538496,SJC02-VPP3-Miscellaneous-Cluster
254,1590143639999,468851168,4573,799538496,SJC02-VPP3-Miscellaneous-Cluster
255,1590143939999,468822474,4526,799538496,SJC02-VPP3-Miscellaneous-Cluster
256,1590144239999,468890224,4636,799538496,SJC02-VPP3-Miscellaneous-Cluster
257,1590144539999,468904554,4398,799538496,SJC02-VPP3-Miscellaneous-Cluster
258,1590144839999,468909104,4184,799538496,SJC02-VPP3-Miscellaneous-Cluster
259,1590145139999,468818485,4458,799538496,SJC02-VPP3-Miscellaneous-Cluster
260,1590145439999,468502400,9791,799538496,SJC02-VPP3-Miscellaneous-Cluster
261,1590145739999,468353152,12152,799538496,SJC02-VPP3-Miscellaneous-Cluster
262,1590146039999,468505040,10460,799538496,SJC02-VPP3-Miscellaneous-Cluster
263,1590146339999,468607136,8195,799538496,SJC02-VPP3-Miscellaneous-Cluster
264,1590146639999,468521136,6538,799538496,SJC02-VPP3-Miscellaneous-Cluster
265,1590146939999,468664704,5523,799538496,SJC02-VPP3-Miscellaneous-Cluster
266,1590147239999,468707360,4511,799538496,SJC02-VPP3-Miscellaneous-Cluster
267,1590147539999,468751114,4334,799538496,SJC02-VPP3-Miscellaneous-Cluster
268,1590147839999,468765200,4491,799538496,SJC02-VPP3-Miscellaneous-Cluster
269,1590148139999,468700213,4441,799538496,SJC02-VPP3-Miscellaneous-Cluster
270,1590148439999,468512400,4299,799538496,SJC02-VPP3-Miscellaneous-Cluster
271,1590148739999,468620373,4398,799538496,SJC02-VPP3-Miscellaneous-Cluster
272,1590149039999,468715680,6992,799538496,SJC02-VPP3-Miscellaneous-Cluster
273,1590149339999,468820789,9046,799538496,SJC02-VPP3-Miscellaneous-Cluster
274,1590149639999,468921984,10515,799538496,SJC02-VPP3-Miscellaneous-Cluster
275,1590149939999,468991520,9220,799538496,SJC02-VPP3-Miscellaneous-Cluster
276,1590150239999,468999536,8617,799538496,SJC02-VPP3-Miscellaneous-Cluster
277,1590150539999,469028128,9038,799538496,SJC02-VPP3-Miscellaneous-Cluster
278,1590150839999,468955584,11633,799538496,SJC02-VPP3-Miscellaneous-Cluster
279,1590151139999,468492384,10253,799538496,SJC02-VPP3-Miscellaneous-Cluster
280,1590151439999,468695344,8014,799538496,SJC02-VPP3-Miscellaneous-Cluster
281,1590151739999,468809141,7619,799539178,SJC02-VPP3-Miscellaneous-Cluster
282,1590152039999,468859040,7244,799539520,SJC02-VPP3-Miscellaneous-Cluster
283,1590152339999,468872778,7262,799539520,SJC02-VPP3-Miscellaneous-Cluster
284,1590152639999,468874208,9012,799539520,SJC02-VPP3-Miscellaneous-Cluster
285,1590152939999,468889034,9361,799539520,SJC02-VPP3-Miscellaneous-Cluster
286,1590153239999,468994176,7397,799539520,SJC02-VPP3-Miscellaneous-Cluster
287,1590153539999,469015754,7349,799539520,SJC02-VPP3-Miscellaneous-Cluster
