,timestamps,mem,cpu,disk,clustername
0,1590067079999,88382648,865,12514688,SJC02-DC3-BTS-Pod19-Unallocated
1,1590067379999,88389792,903,12514688,SJC02-DC3-BTS-Pod19-Unallocated
2,1590067679999,88394216,878,12514688,SJC02-DC3-BTS-Pod19-Unallocated
3,1590067979999,88410984,875,12514688,SJC02-DC3-BTS-Pod19-Unallocated
4,1590068279999,88408760,846,12514688,SJC02-DC3-BTS-Pod19-Unallocated
5,1590068579999,88402608,915,12514688,SJC02-DC3-BTS-Pod19-Unallocated
6,1590068879999,88412920,853,12514688,SJC02-DC3-BTS-Pod19-Unallocated
7,1590069179999,88410824,842,12514688,SJC02-DC3-BTS-Pod19-Unallocated
8,1590069479999,88406072,830,12514688,SJC02-DC3-BTS-Pod19-Unallocated
9,1590069779999,88418520,912,12514688,SJC02-DC3-BTS-Pod19-Unallocated
10,1590070079999,88459888,991,12514688,SJC02-DC3-BTS-Pod19-Unallocated
11,1590070379999,88406336,822,12514688,SJC02-DC3-BTS-Pod19-Unallocated
12,1590070679999,88411552,861,12514688,SJC02-DC3-BTS-Pod19-Unallocated
13,1590070979999,88412336,851,12514688,SJC02-DC3-BTS-Pod19-Unallocated
14,1590071279999,88408416,910,12514688,SJC02-DC3-BTS-Pod19-Unallocated
15,1590071579999,88401688,877,12514688,SJC02-DC3-BTS-Pod19-Unallocated
16,1590071879999,88392472,852,12625100,SJC02-DC3-BTS-Pod19-Unallocated
17,1590072179999,88389576,910,12625100,SJC02-DC3-BTS-Pod19-Unallocated
18,1590072479999,88372616,876,12625100,SJC02-DC3-BTS-Pod19-Unallocated
19,1590072779999,88381400,826,12625100,SJC02-DC3-BTS-Pod19-Unallocated
20,1590073079999,88366728,857,12625100,SJC02-DC3-BTS-Pod19-Unallocated
21,1590073379999,88360984,833,12625100,SJC02-DC3-BTS-Pod19-Unallocated
22,1590073679999,88419824,1024,12625100,SJC02-DC3-BTS-Pod19-Unallocated
23,1590073979999,88388264,876,12625100,SJC02-DC3-BTS-Pod19-Unallocated
24,1590074279999,88387120,828,12625100,SJC02-DC3-BTS-Pod19-Unallocated
25,1590074579999,88412560,843,12625100,SJC02-DC3-BTS-Pod19-Unallocated
26,1590074879999,88423216,868,12625100,SJC02-DC3-BTS-Pod19-Unallocated
27,1590075179999,88426624,926,12625100,SJC02-DC3-BTS-Pod19-Unallocated
28,1590075479999,88413312,844,12625100,SJC02-DC3-BTS-Pod19-Unallocated
29,1590075779999,88406464,855,12625100,SJC02-DC3-BTS-Pod19-Unallocated
30,1590076079999,88388376,902,12625100,SJC02-DC3-BTS-Pod19-Unallocated
31,1590076379999,88391280,875,12625100,SJC02-DC3-BTS-Pod19-Unallocated
32,1590076679999,88392160,840,12625100,SJC02-DC3-BTS-Pod19-Unallocated
33,1590076979999,88407440,858,12625100,SJC02-DC3-BTS-Pod19-Unallocated
34,1590077279999,88476336,995,12625100,SJC02-DC3-BTS-Pod19-Unallocated
35,1590077579999,88420384,880,12625100,SJC02-DC3-BTS-Pod19-Unallocated
36,1590077879999,88419696,826,12625100,SJC02-DC3-BTS-Pod19-Unallocated
37,1590078179999,88413032,814,12625100,SJC02-DC3-BTS-Pod19-Unallocated
38,1590078479999,88401344,875,12625100,SJC02-DC3-BTS-Pod19-Unallocated
39,1590078779999,88384104,852,12625100,SJC02-DC3-BTS-Pod19-Unallocated
40,1590079079999,88376984,915,12625100,SJC02-DC3-BTS-Pod19-Unallocated
41,1590079379999,88372160,862,12625100,SJC02-DC3-BTS-Pod19-Unallocated
42,1590079679999,88375408,859,12625100,SJC02-DC3-BTS-Pod19-Unallocated
43,1590079979999,88375808,889,12625100,SJC02-DC3-BTS-Pod19-Unallocated
44,1590080279999,88373800,892,12625100,SJC02-DC3-BTS-Pod19-Unallocated
45,1590080579999,88391424,833,12625100,SJC02-DC3-BTS-Pod19-Unallocated
46,1590080879999,88449360,968,12625100,SJC02-DC3-BTS-Pod19-Unallocated
47,1590081179999,88402200,889,12625100,SJC02-DC3-BTS-Pod19-Unallocated
48,1590081479999,88389856,873,12625100,SJC02-DC3-BTS-Pod19-Unallocated
49,1590081779999,88405544,829,12625100,SJC02-DC3-BTS-Pod19-Unallocated
50,1590082079999,88395920,862,12625100,SJC02-DC3-BTS-Pod19-Unallocated
51,1590082379999,88402880,828,12625100,SJC02-DC3-BTS-Pod19-Unallocated
52,1590082679999,88409760,854,12625100,SJC02-DC3-BTS-Pod19-Unallocated
53,1590082979999,88400688,927,12625100,SJC02-DC3-BTS-Pod19-Unallocated
54,1590083279999,88409224,860,12625100,SJC02-DC3-BTS-Pod19-Unallocated
55,1590083579999,88415368,862,12625100,SJC02-DC3-BTS-Pod19-Unallocated
56,1590083879999,88415616,959,12625100,SJC02-DC3-BTS-Pod19-Unallocated
57,1590084179999,88420728,827,12625100,SJC02-DC3-BTS-Pod19-Unallocated
58,1590084479999,88470712,971,12518968,SJC02-DC3-BTS-Pod19-Unallocated
59,1590084779999,88421608,862,12518968,SJC02-DC3-BTS-Pod19-Unallocated
60,1590085079999,88408624,868,12518968,SJC02-DC3-BTS-Pod19-Unallocated
61,1590085379999,88405720,914,12518968,SJC02-DC3-BTS-Pod19-Unallocated
62,1590085679999,88397352,837,12518968,SJC02-DC3-BTS-Pod19-Unallocated
63,1590085979999,88392416,862,12518968,SJC02-DC3-BTS-Pod19-Unallocated
64,1590086279999,88387712,860,12518968,SJC02-DC3-BTS-Pod19-Unallocated
65,1590086579999,88389160,887,12518968,SJC02-DC3-BTS-Pod19-Unallocated
66,1590086879999,88357272,873,12518968,SJC02-DC3-BTS-Pod19-Unallocated
67,1590087179999,88388696,924,12518968,SJC02-DC3-BTS-Pod19-Unallocated
68,1590087479999,88374912,840,12518968,SJC02-DC3-BTS-Pod19-Unallocated
69,1590087779999,88395008,972,12518968,SJC02-DC3-BTS-Pod19-Unallocated
70,1590088079999,88452800,954,12518968,SJC02-DC3-BTS-Pod19-Unallocated
71,1590088379999,88420840,856,12518968,SJC02-DC3-BTS-Pod19-Unallocated
72,1590088679999,88412792,818,12518968,SJC02-DC3-BTS-Pod19-Unallocated
73,1590088979999,88412256,913,12518968,SJC02-DC3-BTS-Pod19-Unallocated
74,1590089279999,88414704,865,12518968,SJC02-DC3-BTS-Pod19-Unallocated
75,1590089579999,88411576,816,12518968,SJC02-DC3-BTS-Pod19-Unallocated
76,1590089879999,88399104,861,12518968,SJC02-DC3-BTS-Pod19-Unallocated
77,1590090179999,88408888,859,12518968,SJC02-DC3-BTS-Pod19-Unallocated
78,1590090479999,88407368,878,12518968,SJC02-DC3-BTS-Pod19-Unallocated
79,1590090779999,88428312,885,12518968,SJC02-DC3-BTS-Pod19-Unallocated
80,1590091079999,88423024,864,12518968,SJC02-DC3-BTS-Pod19-Unallocated
81,1590091379999,88442952,912,12518968,SJC02-DC3-BTS-Pod19-Unallocated
82,1590091679999,88490016,1035,12518968,SJC02-DC3-BTS-Pod19-Unallocated
83,1590091979999,88427856,843,12518968,SJC02-DC3-BTS-Pod19-Unallocated
84,1590092279999,88388088,851,12518968,SJC02-DC3-BTS-Pod19-Unallocated
85,1590092579999,88378392,831,12518968,SJC02-DC3-BTS-Pod19-Unallocated
86,1590092879999,88371728,886,12518968,SJC02-DC3-BTS-Pod19-Unallocated
87,1590093179999,88377912,859,12518968,SJC02-DC3-BTS-Pod19-Unallocated
88,1590093479999,88373832,833,12518968,SJC02-DC3-BTS-Pod19-Unallocated
89,1590093779999,88369136,829,12518968,SJC02-DC3-BTS-Pod19-Unallocated
90,1590094079999,88378952,861,12518968,SJC02-DC3-BTS-Pod19-Unallocated
91,1590094379999,88390208,933,12518968,SJC02-DC3-BTS-Pod19-Unallocated
92,1590094679999,88404288,847,12518968,SJC02-DC3-BTS-Pod19-Unallocated
93,1590094979999,88415752,851,12518968,SJC02-DC3-BTS-Pod19-Unallocated
94,1590095279999,88458032,1044,12518968,SJC02-DC3-BTS-Pod19-Unallocated
95,1590095579999,88404616,852,12518968,SJC02-DC3-BTS-Pod19-Unallocated
96,1590095879999,88403112,820,12518968,SJC02-DC3-BTS-Pod19-Unallocated
97,1590096179999,88416288,870,12518968,SJC02-DC3-BTS-Pod19-Unallocated
98,1590096479999,88410600,894,12518968,SJC02-DC3-BTS-Pod19-Unallocated
99,1590096779999,88417296,893,12518968,SJC02-DC3-BTS-Pod19-Unallocated
100,1590097079999,88411816,817,12518968,SJC02-DC3-BTS-Pod19-Unallocated
101,1590097379999,88431168,822,12518968,SJC02-DC3-BTS-Pod19-Unallocated
102,1590097679999,88424752,868,12518968,SJC02-DC3-BTS-Pod19-Unallocated
103,1590097979999,88412424,840,12518968,SJC02-DC3-BTS-Pod19-Unallocated
104,1590098279999,88419328,939,12518968,SJC02-DC3-BTS-Pod19-Unallocated
105,1590098579999,88417672,897,12518968,SJC02-DC3-BTS-Pod19-Unallocated
106,1590098879999,88458480,961,12518968,SJC02-DC3-BTS-Pod19-Unallocated
107,1590099179999,88394776,925,12518968,SJC02-DC3-BTS-Pod19-Unallocated
108,1590099479999,88391352,869,12518968,SJC02-DC3-BTS-Pod19-Unallocated
109,1590099779999,88379800,819,12518968,SJC02-DC3-BTS-Pod19-Unallocated
110,1590100079999,88387536,843,12518968,SJC02-DC3-BTS-Pod19-Unallocated
111,1590100379999,88375616,891,12518968,SJC02-DC3-BTS-Pod19-Unallocated
112,1590100679999,88375688,872,12624792,SJC02-DC3-BTS-Pod19-Unallocated
113,1590100979999,88384832,819,12624792,SJC02-DC3-BTS-Pod19-Unallocated
114,1590101279999,88388904,858,12624792,SJC02-DC3-BTS-Pod19-Unallocated
115,1590101579999,88411400,838,12624792,SJC02-DC3-BTS-Pod19-Unallocated
116,1590101879999,88417456,839,12624792,SJC02-DC3-BTS-Pod19-Unallocated
117,1590102179999,88424560,958,12624792,SJC02-DC3-BTS-Pod19-Unallocated
118,1590102479999,88468320,970,12624792,SJC02-DC3-BTS-Pod19-Unallocated
119,1590102779999,88439784,860,12624792,SJC02-DC3-BTS-Pod19-Unallocated
120,1590103079999,88432976,944,12624792,SJC02-DC3-BTS-Pod19-Unallocated
121,1590103379999,88412424,820,12624792,SJC02-DC3-BTS-Pod19-Unallocated
122,1590103679999,88403816,848,12624792,SJC02-DC3-BTS-Pod19-Unallocated
123,1590103979999,88406088,860,12624792,SJC02-DC3-BTS-Pod19-Unallocated
124,1590104279999,88409368,859,12624792,SJC02-DC3-BTS-Pod19-Unallocated
125,1590104579999,88416624,891,12624792,SJC02-DC3-BTS-Pod19-Unallocated
126,1590104879999,88426728,840,12624792,SJC02-DC3-BTS-Pod19-Unallocated
127,1590105179999,88435152,834,12624792,SJC02-DC3-BTS-Pod19-Unallocated
128,1590105479999,88413896,862,12624792,SJC02-DC3-BTS-Pod19-Unallocated
129,1590105779999,88398592,965,12624792,SJC02-DC3-BTS-Pod19-Unallocated
130,1590106079999,88438080,942,12624792,SJC02-DC3-BTS-Pod19-Unallocated
131,1590106379999,88381336,884,12624792,SJC02-DC3-BTS-Pod19-Unallocated
132,1590106679999,88374848,864,12624792,SJC02-DC3-BTS-Pod19-Unallocated
133,1590106979999,88379528,932,12624792,SJC02-DC3-BTS-Pod19-Unallocated
134,1590107279999,88365424,832,12624792,SJC02-DC3-BTS-Pod19-Unallocated
135,1590107579999,88377648,856,12624792,SJC02-DC3-BTS-Pod19-Unallocated
136,1590107879999,88391816,827,12624792,SJC02-DC3-BTS-Pod19-Unallocated
137,1590108179999,88406848,900,12624792,SJC02-DC3-BTS-Pod19-Unallocated
138,1590108479999,88417464,864,12624792,SJC02-DC3-BTS-Pod19-Unallocated
139,1590108779999,88429824,891,12624792,SJC02-DC3-BTS-Pod19-Unallocated
140,1590109079999,88391320,876,12624792,SJC02-DC3-BTS-Pod19-Unallocated
141,1590109379999,88401976,890,12624792,SJC02-DC3-BTS-Pod19-Unallocated
142,1590109679999,88471264,1027,12624792,SJC02-DC3-BTS-Pod19-Unallocated
143,1590109979999,88409896,900,12624792,SJC02-DC3-BTS-Pod19-Unallocated
144,1590110279999,88417192,844,12624792,SJC02-DC3-BTS-Pod19-Unallocated
145,1590110579999,88410832,865,12624792,SJC02-DC3-BTS-Pod19-Unallocated
146,1590110879999,88417752,918,12624792,SJC02-DC3-BTS-Pod19-Unallocated
147,1590111179999,88428352,826,12624792,SJC02-DC3-BTS-Pod19-Unallocated
148,1590111479999,88417888,846,12624792,SJC02-DC3-BTS-Pod19-Unallocated
149,1590111779999,88433520,830,12624792,SJC02-DC3-BTS-Pod19-Unallocated
150,1590112079999,88427952,901,12624792,SJC02-DC3-BTS-Pod19-Unallocated
151,1590112379999,88414200,850,12624792,SJC02-DC3-BTS-Pod19-Unallocated
152,1590112679999,88400736,827,12624792,SJC02-DC3-BTS-Pod19-Unallocated
153,1590112979999,88395656,884,12624792,SJC02-DC3-BTS-Pod19-Unallocated
154,1590113279999,88443344,966,12515832,SJC02-DC3-BTS-Pod19-Unallocated
155,1590113579999,88398280,928,12515832,SJC02-DC3-BTS-Pod19-Unallocated
156,1590113879999,88386240,834,12515832,SJC02-DC3-BTS-Pod19-Unallocated
157,1590114179999,88383016,871,12515832,SJC02-DC3-BTS-Pod19-Unallocated
158,1590114479999,88371472,901,12515832,SJC02-DC3-BTS-Pod19-Unallocated
159,1590114779999,88382344,863,12515832,SJC02-DC3-BTS-Pod19-Unallocated
160,1590115079999,88394976,823,12515832,SJC02-DC3-BTS-Pod19-Unallocated
161,1590115379999,88404032,861,12515832,SJC02-DC3-BTS-Pod19-Unallocated
162,1590115679999,88400784,860,12515832,SJC02-DC3-BTS-Pod19-Unallocated
163,1590115979999,88402528,885,12515832,SJC02-DC3-BTS-Pod19-Unallocated
164,1590116279999,88409216,834,12515832,SJC02-DC3-BTS-Pod19-Unallocated
165,1590116579999,88423728,866,12515832,SJC02-DC3-BTS-Pod19-Unallocated
166,1590116879999,88464912,953,12515832,SJC02-DC3-BTS-Pod19-Unallocated
167,1590117179999,88419312,859,12515832,SJC02-DC3-BTS-Pod19-Unallocated
168,1590117479999,88406032,920,12515832,SJC02-DC3-BTS-Pod19-Unallocated
169,1590117779999,88416088,864,12515832,SJC02-DC3-BTS-Pod19-Unallocated
170,1590118079999,88414576,842,12515832,SJC02-DC3-BTS-Pod19-Unallocated
171,1590118379999,88429128,897,12515832,SJC02-DC3-BTS-Pod19-Unallocated
172,1590118679999,88439664,888,12515832,SJC02-DC3-BTS-Pod19-Unallocated
173,1590118979999,88437944,827,12515832,SJC02-DC3-BTS-Pod19-Unallocated
174,1590119279999,88417584,837,12515832,SJC02-DC3-BTS-Pod19-Unallocated
175,1590119579999,88410344,903,12515832,SJC02-DC3-BTS-Pod19-Unallocated
176,1590119879999,88380968,868,12515832,SJC02-DC3-BTS-Pod19-Unallocated
177,1590120179999,88377120,847,12515832,SJC02-DC3-BTS-Pod19-Unallocated
178,1590120479999,88421264,968,12515832,SJC02-DC3-BTS-Pod19-Unallocated
179,1590120779999,88366120,835,12515832,SJC02-DC3-BTS-Pod19-Unallocated
180,1590121079999,88369896,835,12515832,SJC02-DC3-BTS-Pod19-Unallocated
181,1590121379999,88381640,945,12515832,SJC02-DC3-BTS-Pod19-Unallocated
182,1590121679999,88392944,862,12515832,SJC02-DC3-BTS-Pod19-Unallocated
183,1590121979999,88410152,844,12515832,SJC02-DC3-BTS-Pod19-Unallocated
184,1590122279999,88412880,949,12515832,SJC02-DC3-BTS-Pod19-Unallocated
185,1590122579999,88397400,835,12515832,SJC02-DC3-BTS-Pod19-Unallocated
186,1590122879999,88395552,820,12515832,SJC02-DC3-BTS-Pod19-Unallocated
187,1590123179999,88409480,855,12515832,SJC02-DC3-BTS-Pod19-Unallocated
188,1590123479999,88414360,859,12515832,SJC02-DC3-BTS-Pod19-Unallocated
189,1590123779999,88425024,928,12515832,SJC02-DC3-BTS-Pod19-Unallocated
190,1590124079999,88474488,909,12515832,SJC02-DC3-BTS-Pod19-Unallocated
191,1590124379999,88426472,853,12515832,SJC02-DC3-BTS-Pod19-Unallocated
192,1590124679999,88428880,829,12515832,SJC02-DC3-BTS-Pod19-Unallocated
193,1590124979999,88434896,917,12515832,SJC02-DC3-BTS-Pod19-Unallocated
194,1590125279999,88434584,891,12515832,SJC02-DC3-BTS-Pod19-Unallocated
195,1590125579999,88425680,840,12515832,SJC02-DC3-BTS-Pod19-Unallocated
196,1590125879999,88413472,850,12515832,SJC02-DC3-BTS-Pod19-Unallocated
197,1590126179999,88398832,944,12515832,SJC02-DC3-BTS-Pod19-Unallocated
198,1590126479999,88393832,824,12515832,SJC02-DC3-BTS-Pod19-Unallocated
199,1590126779999,88387240,841,12515832,SJC02-DC3-BTS-Pod19-Unallocated
200,1590127079999,88382768,847,12515832,SJC02-DC3-BTS-Pod19-Unallocated
201,1590127379999,88381680,911,12515832,SJC02-DC3-BTS-Pod19-Unallocated
202,1590127679999,88420952,916,12515832,SJC02-DC3-BTS-Pod19-Unallocated
203,1590127979999,88376760,849,12515832,SJC02-DC3-BTS-Pod19-Unallocated
204,1590128279999,88374840,857,12515832,SJC02-DC3-BTS-Pod19-Unallocated
205,1590128579999,88390112,861,12515832,SJC02-DC3-BTS-Pod19-Unallocated
206,1590128879999,88400472,916,12515832,SJC02-DC3-BTS-Pod19-Unallocated
207,1590129179999,88402352,893,12515832,SJC02-DC3-BTS-Pod19-Unallocated
208,1590129479999,88402624,843,12515832,SJC02-DC3-BTS-Pod19-Unallocated
209,1590129779999,88408144,871,12515832,SJC02-DC3-BTS-Pod19-Unallocated
210,1590130079999,88419496,922,12515832,SJC02-DC3-BTS-Pod19-Unallocated
211,1590130379999,88445712,900,12515832,SJC02-DC3-BTS-Pod19-Unallocated
212,1590130679999,88431896,829,12515832,SJC02-DC3-BTS-Pod19-Unallocated
213,1590130979999,88418512,890,12515832,SJC02-DC3-BTS-Pod19-Unallocated
214,1590131279999,88458272,989,12622908,SJC02-DC3-BTS-Pod19-Unallocated
215,1590131579999,88410760,847,12622908,SJC02-DC3-BTS-Pod19-Unallocated
216,1590131879999,88413040,829,12622908,SJC02-DC3-BTS-Pod19-Unallocated
217,1590132179999,88430552,870,12622908,SJC02-DC3-BTS-Pod19-Unallocated
218,1590132479999,88424744,839,12622908,SJC02-DC3-BTS-Pod19-Unallocated
219,1590132779999,88422936,923,12622908,SJC02-DC3-BTS-Pod19-Unallocated
220,1590133079999,88407248,858,12622908,SJC02-DC3-BTS-Pod19-Unallocated
221,1590133379999,88389696,853,12622908,SJC02-DC3-BTS-Pod19-Unallocated
222,1590133679999,88380392,900,12622908,SJC02-DC3-BTS-Pod19-Unallocated
223,1590133979999,88377040,874,12622908,SJC02-DC3-BTS-Pod19-Unallocated
224,1590134279999,88375952,830,12622908,SJC02-DC3-BTS-Pod19-Unallocated
225,1590134579999,88376368,909,12622908,SJC02-DC3-BTS-Pod19-Unallocated
226,1590134879999,88436824,950,12622908,SJC02-DC3-BTS-Pod19-Unallocated
227,1590135179999,88402568,886,12622908,SJC02-DC3-BTS-Pod19-Unallocated
228,1590135479999,88404856,841,12622908,SJC02-DC3-BTS-Pod19-Unallocated
229,1590135779999,88408944,824,12622908,SJC02-DC3-BTS-Pod19-Unallocated
230,1590136079999,88415672,844,12622908,SJC02-DC3-BTS-Pod19-Unallocated
231,1590136379999,88402816,864,12622908,SJC02-DC3-BTS-Pod19-Unallocated
232,1590136679999,88395712,920,12622908,SJC02-DC3-BTS-Pod19-Unallocated
233,1590136979999,88403824,854,12622908,SJC02-DC3-BTS-Pod19-Unallocated
234,1590137279999,88406328,853,12622908,SJC02-DC3-BTS-Pod19-Unallocated
235,1590137579999,88417888,915,12622908,SJC02-DC3-BTS-Pod19-Unallocated
236,1590137879999,88420792,868,12622908,SJC02-DC3-BTS-Pod19-Unallocated
237,1590138179999,88423952,874,12622908,SJC02-DC3-BTS-Pod19-Unallocated
238,1590138479999,88470792,932,12622908,SJC02-DC3-BTS-Pod19-Unallocated
239,1590138779999,88435720,906,12622908,SJC02-DC3-BTS-Pod19-Unallocated
240,1590139079999,88425832,862,12622908,SJC02-DC3-BTS-Pod19-Unallocated
241,1590139379999,88409872,838,12622908,SJC02-DC3-BTS-Pod19-Unallocated
242,1590139679999,88411176,878,12622908,SJC02-DC3-BTS-Pod19-Unallocated
243,1590139979999,88393064,824,12622908,SJC02-DC3-BTS-Pod19-Unallocated
244,1590140279999,88380736,836,12622908,SJC02-DC3-BTS-Pod19-Unallocated
245,1590140579999,88390824,958,12622908,SJC02-DC3-BTS-Pod19-Unallocated
246,1590140879999,88379416,840,12622908,SJC02-DC3-BTS-Pod19-Unallocated
247,1590141179999,88378936,850,12622908,SJC02-DC3-BTS-Pod19-Unallocated
248,1590141479999,88382344,921,12622908,SJC02-DC3-BTS-Pod19-Unallocated
249,1590141779999,88400720,917,12622908,SJC02-DC3-BTS-Pod19-Unallocated
250,1590142079999,88437072,892,12622908,SJC02-DC3-BTS-Pod19-Unallocated
251,1590142379999,88394312,867,12622908,SJC02-DC3-BTS-Pod19-Unallocated
252,1590142679999,88392104,877,12622908,SJC02-DC3-BTS-Pod19-Unallocated
253,1590142979999,88395192,885,12622908,SJC02-DC3-BTS-Pod19-Unallocated
254,1590143279999,88397104,833,12622908,SJC02-DC3-BTS-Pod19-Unallocated
255,1590143579999,88408856,856,12622908,SJC02-DC3-BTS-Pod19-Unallocated
256,1590143879999,88411840,825,12510508,SJC02-DC3-BTS-Pod19-Unallocated
257,1590144179999,88417000,931,12510508,SJC02-DC3-BTS-Pod19-Unallocated
258,1590144479999,88415080,866,12510508,SJC02-DC3-BTS-Pod19-Unallocated
259,1590144779999,88417504,879,12510508,SJC02-DC3-BTS-Pod19-Unallocated
260,1590145079999,88411304,839,12510508,SJC02-DC3-BTS-Pod19-Unallocated
261,1590145379999,88416120,994,12510508,SJC02-DC3-BTS-Pod19-Unallocated
262,1590145679999,88477064,892,12510508,SJC02-DC3-BTS-Pod19-Unallocated
263,1590145979999,88424600,857,12510508,SJC02-DC3-BTS-Pod19-Unallocated
264,1590146279999,88427032,851,12510508,SJC02-DC3-BTS-Pod19-Unallocated
265,1590146579999,88421536,876,12510508,SJC02-DC3-BTS-Pod19-Unallocated
266,1590146879999,88405984,896,12510508,SJC02-DC3-BTS-Pod19-Unallocated
267,1590147179999,88392048,844,12510508,SJC02-DC3-BTS-Pod19-Unallocated
268,1590147479999,88383792,843,12510508,SJC02-DC3-BTS-Pod19-Unallocated
269,1590147779999,88354376,861,12510508,SJC02-DC3-BTS-Pod19-Unallocated
270,1590148079999,88350736,915,12510508,SJC02-DC3-BTS-Pod19-Unallocated
271,1590148379999,88361400,878,12510508,SJC02-DC3-BTS-Pod19-Unallocated
272,1590148679999,88371736,847,12510508,SJC02-DC3-BTS-Pod19-Unallocated
273,1590148979999,88392320,904,12510508,SJC02-DC3-BTS-Pod19-Unallocated
274,1590149279999,88440880,1013,12510508,SJC02-DC3-BTS-Pod19-Unallocated
275,1590149579999,88398216,832,12510508,SJC02-DC3-BTS-Pod19-Unallocated
276,1590149879999,88394656,843,12510508,SJC02-DC3-BTS-Pod19-Unallocated
277,1590150179999,88388328,857,12510508,SJC02-DC3-BTS-Pod19-Unallocated
278,1590150479999,88406944,930,12510508,SJC02-DC3-BTS-Pod19-Unallocated
279,1590150779999,88399016,846,12510508,SJC02-DC3-BTS-Pod19-Unallocated
280,1590151079999,88412936,839,12510508,SJC02-DC3-BTS-Pod19-Unallocated
281,1590151379999,88418912,856,12510508,SJC02-DC3-BTS-Pod19-Unallocated
282,1590151679999,88422008,848,12510508,SJC02-DC3-BTS-Pod19-Unallocated
283,1590151979999,88439488,998,12510508,SJC02-DC3-BTS-Pod19-Unallocated
284,1590152279999,88428264,876,12510508,SJC02-DC3-BTS-Pod19-Unallocated
285,1590152579999,88445248,894,12510508,SJC02-DC3-BTS-Pod19-Unallocated
286,1590152879999,88475712,990,12510508,SJC02-DC3-BTS-Pod19-Unallocated
287,1590153179999,88418128,890,12510508,SJC02-DC3-BTS-Pod19-Unallocated
