,timestamps,mem,cpu,disk,clustername
0,1590067439999,-2147483648,114370,-2147483648,SYD01-VPP1-CloudCenter-Cluster
1,1590067739999,-2147483648,220047,-2147483648,SYD01-VPP1-CloudCenter-Cluster
2,1590068039999,-2147483648,264791,-2147483648,SYD01-VPP1-CloudCenter-Cluster
3,1590068339999,-2147483648,138372,-2147483648,SYD01-VPP1-CloudCenter-Cluster
4,1590068639999,-2147483648,115250,-2147483648,SYD01-VPP1-CloudCenter-Cluster
5,1590068939999,-2147483648,114933,-2147483648,SYD01-VPP1-CloudCenter-Cluster
6,1590069239999,-2147483648,115704,-2147483648,SYD01-VPP1-CloudCenter-Cluster
7,1590069539999,-2147483648,110623,-2147483648,SYD01-VPP1-CloudCenter-Cluster
8,1590069839999,-2147483648,117496,-2147483648,SYD01-VPP1-CloudCenter-Cluster
9,1590070139999,-2147483648,115833,-2147483648,SYD01-VPP1-CloudCenter-Cluster
10,1590070439999,-2147483648,114816,-2147483648,SYD01-VPP1-CloudCenter-Cluster
11,1590070739999,-2147483648,118014,-2147483648,SYD01-VPP1-CloudCenter-Cluster
12,1590071039999,-2147483648,118283,-2147483648,SYD01-VPP1-CloudCenter-Cluster
13,1590071339999,-2147483648,113867,-2147483648,SYD01-VPP1-CloudCenter-Cluster
14,1590071639999,-2147483648,118993,-2147483648,SYD01-VPP1-CloudCenter-Cluster
15,1590071939999,-2147483648,116497,-2147483648,SYD01-VPP1-CloudCenter-Cluster
16,1590072239999,-2147483648,115349,-2147483648,SYD01-VPP1-CloudCenter-Cluster
17,1590072539999,-2147483648,116918,-2147483648,SYD01-VPP1-CloudCenter-Cluster
18,1590072839999,-2147483648,116225,-2147483648,SYD01-VPP1-CloudCenter-Cluster
19,1590073139999,-2147483648,114935,-2147483648,SYD01-VPP1-CloudCenter-Cluster
20,1590073439999,-2147483648,121467,-2147483648,SYD01-VPP1-CloudCenter-Cluster
21,1590073739999,-2147483648,120005,-2147483648,SYD01-VPP1-CloudCenter-Cluster
22,1590074039999,-2147483648,117740,-2147483648,SYD01-VPP1-CloudCenter-Cluster
23,1590074339999,-2147483648,119359,-2147483648,SYD01-VPP1-CloudCenter-Cluster
24,1590074639999,-2147483648,120653,-2147483648,SYD01-VPP1-CloudCenter-Cluster
25,1590074939999,-2147483648,117769,-2147483648,SYD01-VPP1-CloudCenter-Cluster
26,1590075239999,-2147483648,121997,-2147483648,SYD01-VPP1-CloudCenter-Cluster
27,1590075539999,-2147483648,121519,-2147483648,SYD01-VPP1-CloudCenter-Cluster
28,1590075839999,-2147483648,118995,-2147483648,SYD01-VPP1-CloudCenter-Cluster
29,1590076139999,-2147483648,119311,-2147483648,SYD01-VPP1-CloudCenter-Cluster
30,1590076439999,-2147483648,121771,-2147483648,SYD01-VPP1-CloudCenter-Cluster
31,1590076739999,-2147483648,115979,-2147483648,SYD01-VPP1-CloudCenter-Cluster
32,1590077039999,-2147483648,123023,-2147483648,SYD01-VPP1-CloudCenter-Cluster
33,1590077339999,-2147483648,122261,-2147483648,SYD01-VPP1-CloudCenter-Cluster
34,1590077639999,-2147483648,120619,-2147483648,SYD01-VPP1-CloudCenter-Cluster
35,1590077939999,-2147483648,119915,-2147483648,SYD01-VPP1-CloudCenter-Cluster
36,1590078239999,-2147483648,124255,-2147483648,SYD01-VPP1-CloudCenter-Cluster
37,1590078539999,-2147483648,118306,-2147483648,SYD01-VPP1-CloudCenter-Cluster
38,1590078839999,-2147483648,122914,-2147483648,SYD01-VPP1-CloudCenter-Cluster
39,1590079139999,-2147483648,123287,-2147483648,SYD01-VPP1-CloudCenter-Cluster
40,1590079439999,-2147483648,121151,-2147483648,SYD01-VPP1-CloudCenter-Cluster
41,1590079739999,-2147483648,119778,-2147483648,SYD01-VPP1-CloudCenter-Cluster
42,1590080039999,-2147483648,123388,-2147483648,SYD01-VPP1-CloudCenter-Cluster
43,1590080339999,-2147483648,118527,-2147483648,SYD01-VPP1-CloudCenter-Cluster
44,1590080639999,-2147483648,130300,-2147483648,SYD01-VPP1-CloudCenter-Cluster
45,1590080939999,-2147483648,122555,-2147483648,SYD01-VPP1-CloudCenter-Cluster
46,1590081239999,-2147483648,119886,-2147483648,SYD01-VPP1-CloudCenter-Cluster
47,1590081539999,-2147483648,120290,-2147483648,SYD01-VPP1-CloudCenter-Cluster
48,1590081839999,-2147483648,125691,-2147483648,SYD01-VPP1-CloudCenter-Cluster
49,1590082139999,-2147483648,119131,-2147483648,SYD01-VPP1-CloudCenter-Cluster
50,1590082439999,-2147483648,123796,-2147483648,SYD01-VPP1-CloudCenter-Cluster
51,1590082739999,-2147483648,124184,-2147483648,SYD01-VPP1-CloudCenter-Cluster
52,1590083039999,-2147483648,119898,-2147483648,SYD01-VPP1-CloudCenter-Cluster
53,1590083339999,-2147483648,118875,-2147483648,SYD01-VPP1-CloudCenter-Cluster
54,1590083639999,-2147483648,123515,-2147483648,SYD01-VPP1-CloudCenter-Cluster
55,1590083939999,-2147483648,116477,-2147483648,SYD01-VPP1-CloudCenter-Cluster
56,1590084239999,-2147483648,120206,-2147483648,SYD01-VPP1-CloudCenter-Cluster
57,1590084539999,-2147483648,121676,-2147483648,SYD01-VPP1-CloudCenter-Cluster
58,1590084839999,-2147483648,119059,-2147483648,SYD01-VPP1-CloudCenter-Cluster
59,1590085139999,-2147483648,116935,-2147483648,SYD01-VPP1-CloudCenter-Cluster
60,1590085439999,-2147483648,123010,-2147483648,SYD01-VPP1-CloudCenter-Cluster
61,1590085739999,-2147483648,116453,-2147483648,SYD01-VPP1-CloudCenter-Cluster
62,1590086039999,-2147483648,119841,-2147483648,SYD01-VPP1-CloudCenter-Cluster
63,1590086339999,-2147483648,120491,-2147483648,SYD01-VPP1-CloudCenter-Cluster
64,1590086639999,-2147483648,118545,-2147483648,SYD01-VPP1-CloudCenter-Cluster
65,1590086939999,-2147483648,116226,-2147483648,SYD01-VPP1-CloudCenter-Cluster
66,1590087239999,-2147483648,120404,-2147483648,SYD01-VPP1-CloudCenter-Cluster
67,1590087539999,-2147483648,116376,-2147483648,SYD01-VPP1-CloudCenter-Cluster
68,1590087839999,-2147483648,117808,-2147483648,SYD01-VPP1-CloudCenter-Cluster
69,1590088139999,-2147483648,105107,-2147483648,SYD01-VPP1-CloudCenter-Cluster
70,1590088439999,-2147483648,116707,-2147483648,SYD01-VPP1-CloudCenter-Cluster
71,1590088739999,-2147483648,117545,-2147483648,SYD01-VPP1-CloudCenter-Cluster
72,1590089039999,-2147483648,120797,-2147483648,SYD01-VPP1-CloudCenter-Cluster
73,1590089339999,-2147483648,115648,-2147483648,SYD01-VPP1-CloudCenter-Cluster
74,1590089639999,-2147483648,117145,-2147483648,SYD01-VPP1-CloudCenter-Cluster
75,1590089939999,-2147483648,118464,-2147483648,SYD01-VPP1-CloudCenter-Cluster
76,1590090239999,-2147483648,115597,-2147483648,SYD01-VPP1-CloudCenter-Cluster
77,1590090539999,-2147483648,114149,-2147483648,SYD01-VPP1-CloudCenter-Cluster
78,1590090839999,-2147483648,117540,-2147483648,SYD01-VPP1-CloudCenter-Cluster
79,1590091139999,-2147483648,113920,-2147483648,SYD01-VPP1-CloudCenter-Cluster
80,1590091439999,-2147483648,116712,-2147483648,SYD01-VPP1-CloudCenter-Cluster
81,1590091739999,-2147483648,119571,-2147483648,SYD01-VPP1-CloudCenter-Cluster
82,1590092039999,-2147483648,117339,-2147483648,SYD01-VPP1-CloudCenter-Cluster
83,1590092339999,-2147483648,116148,-2147483648,SYD01-VPP1-CloudCenter-Cluster
84,1590092639999,-2147483648,122340,-2147483648,SYD01-VPP1-CloudCenter-Cluster
85,1590092939999,-2147483648,116159,-2147483648,SYD01-VPP1-CloudCenter-Cluster
86,1590093239999,-2147483648,119604,-2147483648,SYD01-VPP1-CloudCenter-Cluster
87,1590093539999,-2147483648,121747,-2147483648,SYD01-VPP1-CloudCenter-Cluster
88,1590093839999,-2147483648,118523,-2147483648,SYD01-VPP1-CloudCenter-Cluster
89,1590094139999,-2147483648,117232,-2147483648,SYD01-VPP1-CloudCenter-Cluster
90,1590094439999,-2147483648,121599,-2147483648,SYD01-VPP1-CloudCenter-Cluster
91,1590094739999,-2147483648,115804,-2147483648,SYD01-VPP1-CloudCenter-Cluster
92,1590095039999,-2147483648,120232,-2147483648,SYD01-VPP1-CloudCenter-Cluster
93,1590095339999,-2147483648,122774,-2147483648,SYD01-VPP1-CloudCenter-Cluster
94,1590095639999,-2147483648,120637,-2147483648,SYD01-VPP1-CloudCenter-Cluster
95,1590095939999,-2147483648,119156,-2147483648,SYD01-VPP1-CloudCenter-Cluster
96,1590096239999,-2147483648,124616,-2147483648,SYD01-VPP1-CloudCenter-Cluster
97,1590096539999,-2147483648,117751,-2147483648,SYD01-VPP1-CloudCenter-Cluster
98,1590096839999,-2147483648,122679,-2147483648,SYD01-VPP1-CloudCenter-Cluster
99,1590097139999,-2147483648,125049,-2147483648,SYD01-VPP1-CloudCenter-Cluster
100,1590097439999,-2147483648,122701,-2147483648,SYD01-VPP1-CloudCenter-Cluster
101,1590097739999,-2147483648,121200,-2147483648,SYD01-VPP1-CloudCenter-Cluster
102,1590098039999,-2147483648,127857,-2147483648,SYD01-VPP1-CloudCenter-Cluster
103,1590098339999,-2147483648,121083,-2147483648,SYD01-VPP1-CloudCenter-Cluster
104,1590098639999,-2147483648,130851,-2147483648,SYD01-VPP1-CloudCenter-Cluster
105,1590098939999,-2147483648,135037,-2147483648,SYD01-VPP1-CloudCenter-Cluster
106,1590099239999,-2147483648,132704,-2147483648,SYD01-VPP1-CloudCenter-Cluster
107,1590099539999,-2147483648,130552,-2147483648,SYD01-VPP1-CloudCenter-Cluster
108,1590099839999,-2147483648,139200,-2147483648,SYD01-VPP1-CloudCenter-Cluster
109,1590100139999,-2147483648,134376,-2147483648,SYD01-VPP1-CloudCenter-Cluster
110,1590100439999,-2147483648,152129,-2147483648,SYD01-VPP1-CloudCenter-Cluster
111,1590100739999,-2147483648,155213,-2147483648,SYD01-VPP1-CloudCenter-Cluster
112,1590101039999,-2147483648,150002,-2147483648,SYD01-VPP1-CloudCenter-Cluster
113,1590101339999,-2147483648,155908,-2147483648,SYD01-VPP1-CloudCenter-Cluster
114,1590101639999,-2147483648,171337,-2147483648,SYD01-VPP1-CloudCenter-Cluster
115,1590101939999,-2147483648,182248,-2147483648,SYD01-VPP1-CloudCenter-Cluster
116,1590102239999,-2147483648,247634,-2147483648,SYD01-VPP1-CloudCenter-Cluster
117,1590102539999,-2147483648,265448,-2147483648,SYD01-VPP1-CloudCenter-Cluster
118,1590102839999,-2147483648,267293,-2147483648,SYD01-VPP1-CloudCenter-Cluster
119,1590103139999,-2147483648,278221,-2147483648,SYD01-VPP1-CloudCenter-Cluster
120,1590103439999,-2147483648,279703,-2147483648,SYD01-VPP1-CloudCenter-Cluster
121,1590103739999,-2147483648,271360,-2147483648,SYD01-VPP1-CloudCenter-Cluster
122,1590104039999,-2147483648,310277,-2147483648,SYD01-VPP1-CloudCenter-Cluster
123,1590104339999,-2147483648,301714,-2147483648,SYD01-VPP1-CloudCenter-Cluster
124,1590104639999,-2147483648,285054,-2147483648,SYD01-VPP1-CloudCenter-Cluster
125,1590104939999,-2147483648,280584,-2147483648,SYD01-VPP1-CloudCenter-Cluster
126,1590105239999,-2147483648,279305,-2147483648,SYD01-VPP1-CloudCenter-Cluster
127,1590105539999,-2147483648,276088,-2147483648,SYD01-VPP1-CloudCenter-Cluster
128,1590105839999,-2147483648,310002,-2147483648,SYD01-VPP1-CloudCenter-Cluster
129,1590106139999,-2147483648,290972,-2147483648,SYD01-VPP1-CloudCenter-Cluster
130,1590106439999,-2147483648,279333,-2147483648,SYD01-VPP1-CloudCenter-Cluster
131,1590106739999,-2147483648,274797,-2147483648,SYD01-VPP1-CloudCenter-Cluster
132,1590107039999,-2147483648,276634,-2147483648,SYD01-VPP1-CloudCenter-Cluster
133,1590107339999,-2147483648,266280,-2147483648,SYD01-VPP1-CloudCenter-Cluster
134,1590107639999,-2147483648,284439,-2147483648,SYD01-VPP1-CloudCenter-Cluster
135,1590107939999,-2147483648,274431,-2147483648,SYD01-VPP1-CloudCenter-Cluster
136,1590108239999,-2147483648,263191,-2147483648,SYD01-VPP1-CloudCenter-Cluster
137,1590108539999,-2147483648,254469,-2147483648,SYD01-VPP1-CloudCenter-Cluster
138,1590108839999,-2147483648,250025,-2147483648,SYD01-VPP1-CloudCenter-Cluster
139,1590109139999,-2147483648,247907,-2147483648,SYD01-VPP1-CloudCenter-Cluster
140,1590109439999,-2147483648,276390,-2147483648,SYD01-VPP1-CloudCenter-Cluster
141,1590109739999,-2147483648,266750,-2147483648,SYD01-VPP1-CloudCenter-Cluster
142,1590110039999,-2147483648,263317,-2147483648,SYD01-VPP1-CloudCenter-Cluster
143,1590110339999,-2147483648,253163,-2147483648,SYD01-VPP1-CloudCenter-Cluster
144,1590110639999,-2147483648,253161,-2147483648,SYD01-VPP1-CloudCenter-Cluster
145,1590110939999,-2147483648,248833,-2147483648,SYD01-VPP1-CloudCenter-Cluster
146,1590111239999,-2147483648,273689,-2147483648,SYD01-VPP1-CloudCenter-Cluster
147,1590111539999,-2147483648,264312,-2147483648,SYD01-VPP1-CloudCenter-Cluster
148,1590111839999,-2147483648,259150,-2147483648,SYD01-VPP1-CloudCenter-Cluster
149,1590112139999,-2147483648,253861,-2147483648,SYD01-VPP1-CloudCenter-Cluster
150,1590112439999,-2147483648,250245,-2147483648,SYD01-VPP1-CloudCenter-Cluster
151,1590112739999,-2147483648,241497,-2147483648,SYD01-VPP1-CloudCenter-Cluster
152,1590113039999,-2147483648,258889,-2147483648,SYD01-VPP1-CloudCenter-Cluster
153,1590113339999,-2147483648,254228,-2147483648,SYD01-VPP1-CloudCenter-Cluster
154,1590113639999,-2147483648,244758,-2147483648,SYD01-VPP1-CloudCenter-Cluster
155,1590113939999,-2147483648,235696,-2147483648,SYD01-VPP1-CloudCenter-Cluster
156,1590114239999,-2147483648,236770,-2147483648,SYD01-VPP1-CloudCenter-Cluster
157,1590114539999,-2147483648,238079,-2147483648,SYD01-VPP1-CloudCenter-Cluster
158,1590114839999,-2147483648,256808,-2147483648,SYD01-VPP1-CloudCenter-Cluster
159,1590115139999,-2147483648,239138,-2147483648,SYD01-VPP1-CloudCenter-Cluster
160,1590115439999,-2147483648,227889,-2147483648,SYD01-VPP1-CloudCenter-Cluster
161,1590115739999,-2147483648,216333,-2147483648,SYD01-VPP1-CloudCenter-Cluster
162,1590116039999,-2147483648,212710,-2147483648,SYD01-VPP1-CloudCenter-Cluster
163,1590116339999,-2147483648,208170,-2147483648,SYD01-VPP1-CloudCenter-Cluster
164,1590116639999,-2147483648,222383,-2147483648,SYD01-VPP1-CloudCenter-Cluster
165,1590116939999,-2147483648,213104,-2147483648,SYD01-VPP1-CloudCenter-Cluster
166,1590117239999,-2147483648,209959,-2147483648,SYD01-VPP1-CloudCenter-Cluster
167,1590117539999,-2147483648,201223,-2147483648,SYD01-VPP1-CloudCenter-Cluster
168,1590117839999,-2147483648,198077,-2147483648,SYD01-VPP1-CloudCenter-Cluster
169,1590118139999,-2147483648,192846,-2147483648,SYD01-VPP1-CloudCenter-Cluster
170,1590118439999,-2147483648,206248,-2147483648,SYD01-VPP1-CloudCenter-Cluster
171,1590118739999,-2147483648,195979,-2147483648,SYD01-VPP1-CloudCenter-Cluster
172,1590119039999,-2147483648,192704,-2147483648,SYD01-VPP1-CloudCenter-Cluster
173,1590119339999,-2147483648,189353,-2147483648,SYD01-VPP1-CloudCenter-Cluster
174,1590119639999,-2147483648,190276,-2147483648,SYD01-VPP1-CloudCenter-Cluster
175,1590119939999,-2147483648,194788,-2147483648,SYD01-VPP1-CloudCenter-Cluster
176,1590120239999,-2147483648,224128,-2147483648,SYD01-VPP1-CloudCenter-Cluster
177,1590120539999,-2147483648,226630,-2147483648,SYD01-VPP1-CloudCenter-Cluster
178,1590120839999,-2147483648,228388,-2147483648,SYD01-VPP1-CloudCenter-Cluster
179,1590121139999,-2147483648,222986,-2147483648,SYD01-VPP1-CloudCenter-Cluster
180,1590121439999,-2147483648,225335,-2147483648,SYD01-VPP1-CloudCenter-Cluster
181,1590121739999,-2147483648,229975,-2147483648,SYD01-VPP1-CloudCenter-Cluster
182,1590122039999,-2147483648,250253,-2147483648,SYD01-VPP1-CloudCenter-Cluster
183,1590122339999,-2147483648,238038,-2147483648,SYD01-VPP1-CloudCenter-Cluster
184,1590122639999,-2147483648,232368,-2147483648,SYD01-VPP1-CloudCenter-Cluster
185,1590122939999,-2147483648,224167,-2147483648,SYD01-VPP1-CloudCenter-Cluster
186,1590123239999,-2147483648,216962,-2147483648,SYD01-VPP1-CloudCenter-Cluster
187,1590123539999,-2147483648,209646,-2147483648,SYD01-VPP1-CloudCenter-Cluster
188,1590123839999,-2147483648,222083,-2147483648,SYD01-VPP1-CloudCenter-Cluster
189,1590124139999,-2147483648,213346,-2147483648,SYD01-VPP1-CloudCenter-Cluster
190,1590124439999,-2147483648,205172,-2147483648,SYD01-VPP1-CloudCenter-Cluster
191,1590124739999,-2147483648,194951,-2147483648,SYD01-VPP1-CloudCenter-Cluster
192,1590125039999,-2147483648,194525,-2147483648,SYD01-VPP1-CloudCenter-Cluster
193,1590125339999,-2147483648,187590,-2147483648,SYD01-VPP1-CloudCenter-Cluster
194,1590125639999,-2147483648,190023,-2147483648,SYD01-VPP1-CloudCenter-Cluster
195,1590125939999,-2147483648,184810,-2147483648,SYD01-VPP1-CloudCenter-Cluster
196,1590126239999,-2147483648,183318,-2147483648,SYD01-VPP1-CloudCenter-Cluster
197,1590126539999,-2147483648,174704,-2147483648,SYD01-VPP1-CloudCenter-Cluster
198,1590126839999,-2147483648,176671,-2147483648,SYD01-VPP1-CloudCenter-Cluster
199,1590127139999,-2147483648,172292,-2147483648,SYD01-VPP1-CloudCenter-Cluster
200,1590127439999,-2147483648,182145,-2147483648,SYD01-VPP1-CloudCenter-Cluster
201,1590127739999,-2147483648,179287,-2147483648,SYD01-VPP1-CloudCenter-Cluster
202,1590128039999,-2147483648,177791,-2147483648,SYD01-VPP1-CloudCenter-Cluster
203,1590128339999,-2147483648,170787,-2147483648,SYD01-VPP1-CloudCenter-Cluster
204,1590128639999,-2147483648,172607,-2147483648,SYD01-VPP1-CloudCenter-Cluster
205,1590128939999,-2147483648,169789,-2147483648,SYD01-VPP1-CloudCenter-Cluster
206,1590129239999,-2147483648,173901,-2147483648,SYD01-VPP1-CloudCenter-Cluster
207,1590129539999,-2147483648,171439,-2147483648,SYD01-VPP1-CloudCenter-Cluster
208,1590129839999,-2147483648,170887,-2147483648,SYD01-VPP1-CloudCenter-Cluster
209,1590130139999,-2147483648,164142,-2147483648,SYD01-VPP1-CloudCenter-Cluster
210,1590130439999,-2147483648,164301,-2147483648,SYD01-VPP1-CloudCenter-Cluster
211,1590130739999,-2147483648,163937,-2147483648,SYD01-VPP1-CloudCenter-Cluster
212,1590131039999,-2147483648,166137,-2147483648,SYD01-VPP1-CloudCenter-Cluster
213,1590131339999,-2147483648,164482,-2147483648,SYD01-VPP1-CloudCenter-Cluster
214,1590131639999,-2147483648,165425,-2147483648,SYD01-VPP1-CloudCenter-Cluster
215,1590131939999,-2147483648,160529,-2147483648,SYD01-VPP1-CloudCenter-Cluster
216,1590132239999,-2147483648,161125,-2147483648,SYD01-VPP1-CloudCenter-Cluster
217,1590132539999,-2147483648,159104,-2147483648,SYD01-VPP1-CloudCenter-Cluster
218,1590132839999,-2147483648,158658,-2147483648,SYD01-VPP1-CloudCenter-Cluster
219,1590133139999,-2147483648,158031,-2147483648,SYD01-VPP1-CloudCenter-Cluster
220,1590133439999,-2147483648,158811,-2147483648,SYD01-VPP1-CloudCenter-Cluster
221,1590133739999,-2147483648,154209,-2147483648,SYD01-VPP1-CloudCenter-Cluster
222,1590134039999,-2147483648,155877,-2147483648,SYD01-VPP1-CloudCenter-Cluster
223,1590134339999,-2147483648,153400,-2147483648,SYD01-VPP1-CloudCenter-Cluster
224,1590134639999,-2147483648,154405,-2147483648,SYD01-VPP1-CloudCenter-Cluster
225,1590134939999,-2147483648,151983,-2147483648,SYD01-VPP1-CloudCenter-Cluster
226,1590135239999,-2147483648,152403,-2147483648,SYD01-VPP1-CloudCenter-Cluster
227,1590135539999,-2147483648,149497,-2147483648,SYD01-VPP1-CloudCenter-Cluster
228,1590135839999,-2147483648,150541,-2147483648,SYD01-VPP1-CloudCenter-Cluster
229,1590136139999,-2147483648,146351,-2147483648,SYD01-VPP1-CloudCenter-Cluster
230,1590136439999,-2147483648,151712,-2147483648,SYD01-VPP1-CloudCenter-Cluster
231,1590136739999,-2147483648,149706,-2147483648,SYD01-VPP1-CloudCenter-Cluster
232,1590137039999,-2147483648,149312,-2147483648,SYD01-VPP1-CloudCenter-Cluster
233,1590137339999,-2147483648,148331,-2147483648,SYD01-VPP1-CloudCenter-Cluster
234,1590137639999,-2147483648,148487,-2147483648,SYD01-VPP1-CloudCenter-Cluster
235,1590137939999,-2147483648,143659,-2147483648,SYD01-VPP1-CloudCenter-Cluster
236,1590138239999,-2147483648,148269,-2147483648,SYD01-VPP1-CloudCenter-Cluster
237,1590138539999,-2147483648,143126,-2147483648,SYD01-VPP1-CloudCenter-Cluster
238,1590138839999,-2147483648,140021,-2147483648,SYD01-VPP1-CloudCenter-Cluster
239,1590139139999,-2147483648,139062,-2147483648,SYD01-VPP1-CloudCenter-Cluster
240,1590139439999,-2147483648,138950,-2147483648,SYD01-VPP1-CloudCenter-Cluster
241,1590139739999,-2147483648,134729,-2147483648,SYD01-VPP1-CloudCenter-Cluster
242,1590140039999,-2147483648,139975,-2147483648,SYD01-VPP1-CloudCenter-Cluster
243,1590140339999,-2147483648,136731,-2147483648,SYD01-VPP1-CloudCenter-Cluster
244,1590140639999,-2147483648,136334,-2147483648,SYD01-VPP1-CloudCenter-Cluster
245,1590140939999,-2147483648,136585,-2147483648,SYD01-VPP1-CloudCenter-Cluster
246,1590141239999,-2147483648,137072,-2147483648,SYD01-VPP1-CloudCenter-Cluster
247,1590141539999,-2147483648,132102,-2147483648,SYD01-VPP1-CloudCenter-Cluster
248,1590141839999,-2147483648,138706,-2147483648,SYD01-VPP1-CloudCenter-Cluster
249,1590142139999,-2147483648,135239,-2147483648,SYD01-VPP1-CloudCenter-Cluster
250,1590142439999,-2147483648,135383,-2147483648,SYD01-VPP1-CloudCenter-Cluster
251,1590142739999,-2147483648,136410,-2147483648,SYD01-VPP1-CloudCenter-Cluster
252,1590143039999,-2147483648,135800,-2147483648,SYD01-VPP1-CloudCenter-Cluster
253,1590143339999,-2147483648,130265,-2147483648,SYD01-VPP1-CloudCenter-Cluster
254,1590143639999,-2147483648,135555,-2147483648,SYD01-VPP1-CloudCenter-Cluster
255,1590143939999,-2147483648,133223,-2147483648,SYD01-VPP1-CloudCenter-Cluster
256,1590144239999,-2147483648,131342,-2147483648,SYD01-VPP1-CloudCenter-Cluster
257,1590144539999,-2147483648,132136,-2147483648,SYD01-VPP1-CloudCenter-Cluster
258,1590144839999,-2147483648,131866,-2147483648,SYD01-VPP1-CloudCenter-Cluster
259,1590145139999,-2147483648,125570,-2147483648,SYD01-VPP1-CloudCenter-Cluster
260,1590145439999,-2147483648,130633,-2147483648,SYD01-VPP1-CloudCenter-Cluster
261,1590145739999,-2147483648,129458,-2147483648,SYD01-VPP1-CloudCenter-Cluster
262,1590146039999,-2147483648,127424,-2147483648,SYD01-VPP1-CloudCenter-Cluster
263,1590146339999,-2147483648,129829,-2147483648,SYD01-VPP1-CloudCenter-Cluster
264,1590146639999,-2147483648,131501,-2147483648,SYD01-VPP1-CloudCenter-Cluster
265,1590146939999,-2147483648,126652,-2147483648,SYD01-VPP1-CloudCenter-Cluster
266,1590147239999,-2147483648,132229,-2147483648,SYD01-VPP1-CloudCenter-Cluster
267,1590147539999,-2147483648,130005,-2147483648,SYD01-VPP1-CloudCenter-Cluster
268,1590147839999,-2147483648,128202,-2147483648,SYD01-VPP1-CloudCenter-Cluster
269,1590148139999,-2147483648,129159,-2147483648,SYD01-VPP1-CloudCenter-Cluster
270,1590148439999,-2147483648,130333,-2147483648,SYD01-VPP1-CloudCenter-Cluster
271,1590148739999,-2147483648,126451,-2147483648,SYD01-VPP1-CloudCenter-Cluster
272,1590149039999,-2147483648,132514,-2147483648,SYD01-VPP1-CloudCenter-Cluster
273,1590149339999,-2147483648,129673,-2147483648,SYD01-VPP1-CloudCenter-Cluster
274,1590149639999,-2147483648,126602,-2147483648,SYD01-VPP1-CloudCenter-Cluster
275,1590149939999,-2147483648,127610,-2147483648,SYD01-VPP1-CloudCenter-Cluster
276,1590150239999,-2147483648,127408,-2147483648,SYD01-VPP1-CloudCenter-Cluster
277,1590150539999,-2147483648,123560,-2147483648,SYD01-VPP1-CloudCenter-Cluster
278,1590150839999,-2147483648,127485,-2147483648,SYD01-VPP1-CloudCenter-Cluster
279,1590151139999,-2147483648,126341,-2147483648,SYD01-VPP1-CloudCenter-Cluster
280,1590151439999,-2147483648,123898,-2147483648,SYD01-VPP1-CloudCenter-Cluster
281,1590151739999,-2147483648,124595,-2147483648,SYD01-VPP1-CloudCenter-Cluster
282,1590152339999,-2147483648,123447,-2147483648,SYD01-VPP1-CloudCenter-Cluster
283,1590152639999,-2147483648,126492,-2147483648,SYD01-VPP1-CloudCenter-Cluster
284,1590152939999,-2147483648,123844,-2147483648,SYD01-VPP1-CloudCenter-Cluster
285,1590153239999,-2147483648,122309,-2147483648,SYD01-VPP1-CloudCenter-Cluster
286,1590153539999,-2147483648,123267,-2147483648,SYD01-VPP1-CloudCenter-Cluster
